subNum,timestamp,testtype,numcues,numerr,matchlast,matchany,tooslow,waittime,perftime,medtime
86,Wed Nov 28 09:32:48 2018,1,12,0,0,0,10,6220,30676,2520.5
86,Wed Nov 28 09:33:19 2018,1,12,0,0,0,8,2156,29353,2435.5
86,Wed Nov 28 09:33:49 2018,1,12,0,0,0,8,1727,28195,2281.5
86,Wed Nov 28 09:34:29 2018,2,12,0,0,0,6,5326,26096,1983.0
86,Wed Nov 28 09:35:03 2018,2,12,0,0,0,8,2691,31611,2416.5
86,Wed Nov 28 09:35:34 2018,2,12,0,0,0,9,1747,28642,2419.0
86,Wed Nov 28 09:36:21 2018,3,12,0,0,0,9,4448,30435,2516.0
86,Wed Nov 28 09:36:54 2018,3,12,0,0,0,8,4988,28273,2237.0
86,Wed Nov 28 09:37:20 2018,3,12,0,0,0,5,2135,24050,1754.5
8087,Fri Nov 09 15:48:15 2018,1,12,0,0,0,4,2370,24963,1881.0
8087,Fri Nov 09 15:48:43 2018,1,12,0,0,0,4,1969,26235,1847.5
8087,Fri Nov 09 15:49:04 2018,1,12,0,0,0,2,1239,19576,1578.5
8087,Fri Nov 09 15:49:34 2018,2,12,0,0,0,3,1978,19332,1467.5
8087,Fri Nov 09 15:49:56 2018,2,12,0,0,0,1,1823,19259,1434.0
8087,Fri Nov 09 15:50:14 2018,2,12,0,0,0,2,2160,16644,1260.0
8087,Fri Nov 09 15:50:41 2018,3,12,0,0,0,4,1602,21170,1795.0
8087,Fri Nov 09 15:51:05 2018,3,12,0,0,0,3,1904,22364,1897.0
8087,Fri Nov 09 15:51:32 2018,3,12,0,0,0,3,1748,24764,1729.0
8133,Thu Nov 29 11:15:46 2018,1,12,0,0,0,6,3946,26930,1936.5
8133,Thu Nov 29 11:16:12 2018,1,12,0,0,0,4,2232,23609,1810.5
8133,Thu Nov 29 11:16:43 2018,1,12,0,0,0,5,6504,24370,1957.0
8133,Thu Nov 29 11:17:16 2018,2,12,0,0,0,5,3056,22739,1626.5
8133,Thu Nov 29 11:17:41 2018,2,12,0,0,0,4,2558,21685,1854.0
8133,Thu Nov 29 11:18:05 2018,2,12,0,0,0,3,1423,22971,1488.0
8133,Thu Nov 29 11:18:40 2018,3,12,0,0,0,6,2185,29586,1917.5
8133,Thu Nov 29 11:19:10 2018,3,12,2,0,2,7,1801,28785,2147.5
8133,Thu Nov 29 11:19:41 2018,3,12,1,0,0,6,1606,29144,2020.5
8043,Thu Oct 25 14:22:04 2018,1,12,0,0,0,1,2568,20537,1690.0
8043,Thu Oct 25 14:22:33 2018,1,12,0,0,0,6,1745,27096,2007.0
8043,Thu Oct 25 14:23:02 2018,1,12,0,0,0,6,1778,27465,1999.5
8043,Thu Oct 25 14:23:36 2018,2,12,0,0,0,2,3350,17532,1368.5
8043,Thu Oct 25 14:23:58 2018,2,12,0,0,0,3,1654,20908,1522.0
8043,Thu Oct 25 14:24:18 2018,2,12,0,0,0,2,1743,17900,1316.5
8043,Thu Oct 25 14:24:47 2018,3,12,0,0,0,5,2241,22946,1774.5
8043,Thu Oct 25 14:25:15 2018,3,12,0,0,0,8,1750,25914,2316.5
8043,Thu Oct 25 14:25:42 2018,3,12,0,0,0,7,1414,25944,2090.0
8114,Fri Nov 16 14:23:17 2018,1,12,0,0,0,6,2704,25433,2117.0
8114,Fri Nov 16 14:23:51 2018,1,12,0,0,0,8,3896,29823,2372.5
8114,Fri Nov 16 14:24:27 2018,1,12,0,0,0,7,2163,33978,2818.0
8114,Fri Nov 16 14:25:00 2018,2,12,0,0,0,7,1623,24107,2115.0
8114,Fri Nov 16 14:25:29 2018,2,12,0,0,0,5,1927,26707,1943.0
8114,Fri Nov 16 14:25:55 2018,2,12,0,0,0,5,1487,24947,1917.5
8114,Fri Nov 16 14:26:26 2018,3,12,0,0,0,6,2520,24804,1898.5
8114,Fri Nov 16 14:26:57 2018,3,12,0,0,0,7,1444,29362,2071.0
8114,Fri Nov 16 14:27:26 2018,3,12,0,0,0,6,1332,28129,2241.5
8073,Tue Nov 06 11:39:59 2018,1,12,0,0,0,2,3683,21578,1785.0
8073,Tue Nov 06 11:40:23 2018,1,12,1,1,1,3,1745,22458,1704.5
8073,Tue Nov 06 11:40:47 2018,1,12,0,0,0,2,2794,20745,1664.0
8073,Tue Nov 06 11:41:20 2018,2,12,0,0,0,6,1611,24956,1857.5
8073,Tue Nov 06 11:41:55 2018,2,12,3,0,3,9,1536,33755,2656.5
8073,Tue Nov 06 11:42:19 2018,2,12,0,0,0,5,1671,22099,1566.5
8073,Tue Nov 06 11:42:46 2018,3,12,0,0,0,3,1904,22642,1571.5
8073,Tue Nov 06 11:43:13 2018,3,12,0,0,0,5,2439,25003,1848.0
8073,Tue Nov 06 11:43:38 2018,3,12,0,0,0,5,1460,23153,1809.5
8056,Wed Oct 31 14:18:48 2018,1,12,2,0,2,6,4175,32649,2044.0
8056,Wed Oct 31 14:19:20 2018,1,12,0,0,0,7,4180,27771,2021.5
8056,Wed Oct 31 14:19:39 2018,1,12,0,0,0,2,1941,16930,1383.0
8056,Wed Oct 31 14:20:10 2018,2,12,1,0,1,5,1874,20588,1509.5
8056,Wed Oct 31 14:20:35 2018,2,12,0,0,0,5,1906,22876,1874.5
8056,Wed Oct 31 14:21:00 2018,2,12,0,0,0,5,1602,23700,1694.0
8056,Wed Oct 31 14:21:31 2018,3,12,0,0,0,5,2665,25651,1873.0
8056,Wed Oct 31 14:21:56 2018,3,12,0,0,0,4,1496,23080,1819.5
8056,Wed Oct 31 14:22:23 2018,3,12,0,0,0,5,1221,25697,1948.0
8031,Tue Oct 23 11:50:06 2018,1,12,0,0,0,8,2522,51065,2939.0
8031,Tue Oct 23 11:50:34 2018,1,12,0,0,0,4,3362,24048,1759.0
8031,Tue Oct 23 11:51:39 2018,1,12,1,1,1,8,1604,64183,2802.5
8031,Tue Oct 23 11:52:14 2018,2,12,0,0,0,8,1425,25292,2124.5
8031,Tue Oct 23 11:52:41 2018,2,12,0,0,0,5,2128,24955,1848.5
8031,Tue Oct 23 11:53:14 2018,2,12,2,0NA0,1,5,1327,31580,1729.0
8031,Tue Oct 23 11:53:50 2018,3,12,0,0,0,6,953,32801,2014.0
8031,Tue Oct 23 11:54:42 2018,3,12,1,1,1,8,2148,49411,2544.5
8031,Tue Oct 23 11:55:19 2018,3,12,0,0,0,7,1221,35321,2878.5
8079,Wed Nov 07 11:13:21 2018,1,12,0,0,0,7,1758,28712,2569.0
8079,Wed Nov 07 11:13:54 2018,1,12,0,0,0,9,2360,31240,2610.0
8079,Wed Nov 07 11:14:23 2018,1,12,0,0,0,5,1942,26602,1889.5
8079,Wed Nov 07 11:14:54 2018,2,12,0,0,0,3,1363,21948,1806.0
8079,Wed Nov 07 11:15:22 2018,2,12,0,0,0,5,1227,27452,1612.0
8079,Wed Nov 07 11:15:52 2018,2,12,0,0,0,4,1156,28075,1840.5
8079,Wed Nov 07 11:16:28 2018,3,12,0,0,0,6,2042,31786,2041.5
8079,Wed Nov 07 11:16:58 2018,3,12,0,0,0,8,1090,29204,2240.0
8079,Wed Nov 07 11:17:47 2018,3,12,0,0,0,7,1378,47097,2850.0
8150,Mon Dec 03 16:10:36 2018,1,12,0,0,0,5,3673,23978,1956.5
8150,Mon Dec 03 16:11:02 2018,1,12,0,0,0,7,2161,23705,2031.0
8150,Mon Dec 03 16:11:29 2018,1,12,0,0,0,6,2442,24722,2008.5
8150,Mon Dec 03 16:11:59 2018,2,12,0,0,0,4,1593,20516,1609.5
8150,Mon Dec 03 16:12:26 2018,2,12,0,0,0,5,2679,23508,1935.5
8150,Mon Dec 03 16:12:47 2018,2,12,0,0,0,3,1585,19923,1484.0
8150,Mon Dec 03 16:13:20 2018,3,12,1,1,1,4,1236,27905,1736.0
8150,Mon Dec 03 16:13:44 2018,3,12,0,0,0,3,1384,22185,1589.5
8150,Mon Dec 03 16:14:12 2018,3,12,0,0,0,6,1174,26868,2063.0
8005,Thu Oct 11 14:26:10 2018,1,12,0,0,0,12,4351,29920,2421.0
8005,Thu Oct 11 14:26:39 2018,1,12,0,0,0,5,3145,25440,1965.0
8005,Thu Oct 11 14:27:09 2018,1,12,0,0,0,5,2507,27200,1956.5
8005,Thu Oct 11 14:27:48 2018,2,12,0,0,0,6,1461,23204,1985.5
8005,Thu Oct 11 14:28:22 2018,2,12,0,0,0,9,1599,33020,2297.5
8005,Thu Oct 11 14:28:46 2018,2,12,0,0,0,3,2640,20492,1524.0
8005,Thu Oct 11 14:29:26 2018,3,12,2,0,2,7,1823,33482,2385.0
8005,Thu Oct 11 14:29:53 2018,3,12,0,0,0,5,2612,25018,1964.5
8005,Thu Oct 11 14:30:22 2018,3,12,0,0,0,5,1964,26049,1931.0
8068,Mon Nov 05 12:59:15 2018,1,12,0,0,0,8,2607,28864,2226.0
8068,Mon Nov 05 12:59:40 2018,1,12,0,0,0,5,1997,23120,1900.5
8068,Mon Nov 05 13:00:08 2018,1,12,0,0,0,6,1399,26416,1993.0
8068,Mon Nov 05 13:00:43 2018,2,12,0,0,0,6,1515,26347,1996.5
8068,Mon Nov 05 13:01:08 2018,2,12,0,0,0,4,1770,23252,1769.0
8068,Mon Nov 05 13:01:33 2018,2,12,0,0,0,7,1634,23187,2016.0
8068,Mon Nov 05 13:02:00 2018,3,12,0,0,0,4,1617,22745,1795.0
8068,Mon Nov 05 13:02:24 2018,3,12,0,0,0,3,1219,23040,1846.5
8068,Mon Nov 05 13:02:52 2018,3,12,0,0,0,7,1116,27176,2442.0
8077,Wed Nov 07 08:13:45 2018,1,12,0,0,0,6,2826,23087,1991.5
8077,Wed Nov 07 08:14:17 2018,1,12,0,0,0,10,1523,30033,2346.5
8077,Wed Nov 07 08:15:00 2018,1,12,0,0,0,10,1570,41667,2651.5
8077,Wed Nov 07 08:15:31 2018,2,12,0,0,0,4,1420,22715,1634.0
8077,Wed Nov 07 08:15:59 2018,2,12,1,0,0,6,2111,25340,1941.5
8077,Wed Nov 07 08:16:24 2018,2,12,0,0,0,5,2031,23323,1480.0
8077,Wed Nov 07 08:16:55 2018,3,12,0,0,0,7,1690,25736,2163.5
8077,Wed Nov 07 08:17:26 2018,3,12,0,0,0,6,1175,29673,2375.5
8077,Wed Nov 07 08:17:50 2018,3,12,0,0,0,6,1376,22858,1950.0
8034,Tue Oct 23 13:50:45 2018,1,12,0,0,0,7,31034,28016,2085.5
8034,Tue Oct 23 13:51:14 2018,1,12,0,0,0,6,3499,25602,1940.0
8034,Tue Oct 23 13:51:48 2018,1,12,1,0,1,7,2056,32000,2334.5
8034,Tue Oct 23 13:52:26 2018,2,12,0,0,0,5,1618,22179,1792.0
8034,Tue Oct 23 13:52:50 2018,2,12,0,0,0,6,2735,21892,1856.5
8034,Tue Oct 23 13:53:17 2018,2,12,2,0,2,5,2608,24187,1856.5
8034,Tue Oct 23 13:53:56 2018,3,12,1,0,0,6,3008,29971,2008.5
8034,Tue Oct 23 13:54:26 2018,3,12,1,0,1,7,2132,28178,2195.5
8034,Tue Oct 23 13:55:05 2018,3,12,0,0,0,8,1854,37195,2454.5
8091,Mon Nov 12 10:53:16 2018,1,12,0,0,0,8,4358,29663,2299.0
8091,Mon Nov 12 10:53:42 2018,1,12,0,0,0,3,1671,24578,1855.5
8091,Mon Nov 12 10:54:09 2018,1,12,0,0,0,5,2074,24721,1751.0
8091,Mon Nov 12 10:54:44 2018,2,12,0,0,0,4,3212,23396,1606.5
8091,Mon Nov 12 10:55:13 2018,2,12,0,0,0,5,1827,27043,1912.5
8091,Mon Nov 12 10:55:37 2018,2,12,0,0,0,5,1403,23148,1899.5
8091,Mon Nov 12 10:56:11 2018,3,12,0,0,0,9,2809,28025,2147.0
8091,Mon Nov 12 10:56:36 2018,3,12,0,0,0,7,1570,23907,2103.5
8091,Mon Nov 12 10:57:00 2018,3,12,0,0,0,3,1040,22228,1723.0
8145,Mon Dec 03 11:54:42 2018,1,12,0,0,0,6,2951,23954,1971.5
8145,Mon Dec 03 11:55:17 2018,1,12,0,0,0,9,2755,32387,2511.5
8145,Mon Dec 03 11:55:56 2018,1,12,0,0,0,10,2996,35929,2961.5
8145,Mon Dec 03 11:56:36 2018,2,12,0,0,0,5,1802,24917,1515.5
8145,Mon Dec 03 11:57:03 2018,2,12,0,0,0,6,2348,25147,2034.5
8145,Mon Dec 03 11:57:34 2018,2,12,0,0,0,5,2403,28756,1942.0
8145,Mon Dec 03 11:58:24 2018,3,12,2,0,0,10,3025,40442,2997.0
8145,Mon Dec 03 11:58:55 2018,3,12,0,0,0,7,2907,28722,2131.5
8145,Mon Dec 03 11:59:29 2018,3,12,0,0,0,9,2395,30752,2315.0
8082,Thu Nov 08 14:08:24 2018,1,12,0,0,0,6,3546,24538,1914.0
8082,Thu Nov 08 14:09:06 2018,1,12,0,0,0,9,1776,39899,2952.0
8082,Thu Nov 08 14:09:47 2018,1,12,1,0,0,7,1785,39107,2287.5
8082,Thu Nov 08 14:10:26 2018,2,12,0,0,0,9,1472,33885,2357.0
8082,Thu Nov 08 14:11:09 2018,2,12,0,0,0,9,1271,40851,2805.5
8082,Thu Nov 08 14:11:59 2018,2,12,0,0,0,11,2102,48715,4331.0
8082,Thu Nov 08 14:12:46 2018,3,12,2,0,0,11,1960,41962,2938.5
8082,Thu Nov 08 14:13:26 2018,3,12,0,0,0,8,1550,38559,2575.0
8082,Thu Nov 08 14:14:03 2018,3,12,0,0,0,9,1382,35722,2787.5
8158,Wed Feb 13 15:20:50 2019,1,12,0,0,0,5,2095,25323,1779.5
8158,Wed Feb 13 15:21:16 2019,1,12,0,0,0,4,2037,23631,1961.5
8158,Wed Feb 13 15:21:41 2019,1,12,0,0,0,4,1495,24050,1671.5
8158,Wed Feb 13 15:22:12 2019,2,12,0,0,0,2,2483,21052,1631.0
8158,Wed Feb 13 15:22:41 2019,2,12,0,0,0,6,3995,25556,1887.0
8158,Wed Feb 13 15:23:08 2019,2,12,0,0,0,4,1914,24469,1883.0
8158,Wed Feb 13 15:23:39 2019,3,12,0,0,0,6,2434,26978,2047.0
8158,Wed Feb 13 15:24:07 2019,3,12,0,0,0,6,4251,23176,1991.0
8158,Wed Feb 13 15:24:34 2019,3,12,1,0NA,1,4,3148,24273,1792.5
8101,Wed Nov 14 09:23:40 2018,1,12,0,0,0,6,2546,25049,2038.0
8101,Wed Nov 14 09:24:00 2018,1,12,0,0,0,1,2169,18370,1412.5
8101,Wed Nov 14 09:24:22 2018,1,12,0,0,0,2,2393,19675,1519.0
8101,Wed Nov 14 09:24:55 2018,2,12,0,0,0,3,1571,22228,1735.0
8101,Wed Nov 14 09:25:20 2018,2,12,0,0,0,6,1543,23516,1886.5
8101,Wed Nov 14 09:25:47 2018,2,12,0,0,0,5,1599,24947,1867.0
8101,Wed Nov 14 09:26:14 2018,3,12,0,0,0,2,1433,22522,1789.5
8101,Wed Nov 14 09:26:44 2018,3,12,1,0NA,0,5,1573,28219,1660.0
8101,Wed Nov 14 09:27:10 2018,3,12,0,0,0,4,1198,24707,1912.5
8129,Wed Nov 28 14:08:06 2018,1,12,0,0,0,6,1735,28952,2022.0
8129,Wed Nov 28 14:08:33 2018,1,12,0,0,0,6,1943,24882,2032.5
8129,Wed Nov 28 14:09:05 2018,1,12,1,0,1,8,1644,30328,2034.0
8129,Wed Nov 28 14:09:35 2018,2,12,0,0,0,7,1339,27011,2059.5
8129,Wed Nov 28 14:10:07 2018,2,12,2,0,2,10,1443,30180,2679.5
8129,Wed Nov 28 14:10:42 2018,2,12,0,0,0,9,1547,33363,2573.0
8129,Wed Nov 28 14:11:10 2018,3,12,1,1,1,6,1241,25057,1965.5
8129,Wed Nov 28 14:11:46 2018,3,12,3,0,3,6,1553,33954,2105.0
8129,Wed Nov 28 14:12:16 2018,3,12,2,2,2,8,1233,29314,2425.5
8166,Fri Feb 22 11:16:50 2019,1,12,0,0,0,1,3024,20560,1437.5
8166,Fri Feb 22 11:17:13 2019,1,12,0,0,0,2,2555,20176,1652.0
8166,Fri Feb 22 11:17:37 2019,1,12,0,0,0,1,2569,21752,1900.0
8166,Fri Feb 22 11:18:12 2019,2,12,0,0,0,7,1993,25324,2085.0
8166,Fri Feb 22 11:18:40 2019,2,12,0,0,0,6,2215,25779,2063.5
8166,Fri Feb 22 11:19:16 2019,2,12,2,0,2,10,2279,34292,2662.5
8166,Fri Feb 22 11:19:42 2019,3,12,0,0,0,3,2193,20832,1690.5
8166,Fri Feb 22 11:20:08 2019,3,12,1,1,1,4,2030,24067,1809.0
8166,Fri Feb 22 11:20:29 2019,3,12,0,0,0,2,1549,19513,1544.5
8060,Thu Nov 01 13:49:06 2018,1,12,0,0,0,4,2555,27609,1919.5
8060,Thu Nov 01 13:49:39 2018,1,12,0,0,0,7,2219,30623,2124.0
8060,Thu Nov 01 13:50:14 2018,1,12,0,0,0,7,2315,32632,2426.0
8060,Thu Nov 01 13:50:59 2018,2,12,0,0,0,7,1736,28715,2354.5
8060,Thu Nov 01 13:51:31 2018,2,12,0,0,0,9,1719,30229,2287.5
8060,Thu Nov 01 13:51:58 2018,2,12,0,0,0,5,2277,24557,1716.0
8060,Thu Nov 01 13:52:34 2018,3,12,1,0,1,7,3825,30514,2210.0
8060,Thu Nov 01 13:53:09 2018,3,12,0,0,0,9,1645,32482,2561.0
8060,Thu Nov 01 13:53:40 2018,3,12,0,0,0,8,1324,29906,2119.5
8076,Tue Nov 06 16:04:38 2018,1,12,0,0,0,9,3178,35057,2874.5
8076,Tue Nov 06 16:05:12 2018,1,12,0,0,0,9,1985,31779,2415.0
8076,Tue Nov 06 16:05:44 2018,1,12,0,0,0,8,2145,29807,2100.5
8076,Tue Nov 06 16:06:23 2018,2,12,0,0,0,6,1766,28115,2033.0
8076,Tue Nov 06 16:06:49 2018,2,12,0,0,0,6,1415,24547,2004.5
8076,Tue Nov 06 16:07:19 2018,2,12,0,0,0,6,2040,27605,2008.0
8076,Tue Nov 06 16:07:49 2018,3,12,0,0,0,3,1705,25375,1763.0
8076,Tue Nov 06 16:08:13 2018,3,12,0,0,0,1,1351,23121,1736.5
8076,Tue Nov 06 16:08:44 2018,3,12,0,0,0,10,1608,29666,2607.0
8039,Wed Oct 24 12:35:11 2018,1,12,0,0,0,10,2134,31432,2554.5
8039,Wed Oct 24 12:35:38 2018,1,12,0,0,0,5,1784,25066,1854.0
8039,Wed Oct 24 12:36:07 2018,1,12,0,0,0,8,1702,27008,2261.5
8039,Wed Oct 24 12:36:42 2018,2,12,0,0,0,7,1451,23955,2108.5
8039,Wed Oct 24 12:37:13 2018,2,12,1,0,0,7,2010,28316,2031.0
8039,Wed Oct 24 12:37:42 2018,2,12,2,0,0,5,1626,28148,1552.5
8039,Wed Oct 24 12:38:17 2018,3,12,7,7,7,7,1266,31465,2177.0
8039,Wed Oct 24 12:38:48 2018,3,12,4,3,3,8,1386,29339,2379.5
8039,Wed Oct 24 12:39:14 2018,3,12,3,2,2,5,1352,24388,1905.0
8161,Mon Feb 18 13:14:27 2019,1,12,0,0,0,5,2463,26931,1960.0
8161,Mon Feb 18 13:14:53 2019,1,12,0,0,0,3,2636,22571,1674.5
8161,Mon Feb 18 13:15:17 2019,1,12,0,0,0,3,2053,22280,1726.0
8161,Mon Feb 18 13:15:46 2019,2,12,0,0,0,2,1603,20028,1616.5
8161,Mon Feb 18 13:16:11 2019,2,12,0,0,0,4,2235,22587,1676.0
8161,Mon Feb 18 13:16:32 2019,2,12,0,0,0,1,1739,18924,1487.0
8161,Mon Feb 18 13:16:55 2019,3,12,0,0,0,1,2119,18786,1471.0
8161,Mon Feb 18 13:17:22 2019,3,12,0,0,0,8,1636,25720,2205.5
8161,Mon Feb 18 13:17:47 2019,3,12,1,1,1,6,2213,22740,1903.5
8162,Mon Feb 18 15:43:01 2019,1,12,0,0,0,7,8950,24875,2127.0
8162,Mon Feb 18 15:43:28 2019,1,12,0,0,0,1,7573,19746,1690.0
8162,Mon Feb 18 15:43:44 2019,1,12,0,0,0,1,1605,14517,1072.0
8162,Mon Feb 18 15:44:12 2019,2,12,0,0,0,1,916,17076,1373.0
8162,Mon Feb 18 15:44:29 2019,2,12,0,0,0,0,1524,14740,1133.0
8162,Mon Feb 18 15:44:49 2019,2,12,0,0,0,1,3051,17492,1340.5
8162,Mon Feb 18 15:45:16 2019,3,12,0,0,0,4,1186,21239,1653.0
8162,Mon Feb 18 15:45:37 2019,3,12,0,0,0,1,1403,19364,1577.0
8162,Mon Feb 18 15:45:57 2019,3,12,0,0,0,2,1425,18547,1372.0
8090,Mon Nov 12 10:25:08 2018,1,12,0,0,0,4,3072,23218,1864.0
8090,Mon Nov 12 10:25:41 2018,1,12,2,0NA0,2,6,2785,29936,1804.5
8090,Mon Nov 12 10:26:02 2018,1,12,0,0,0,4,2010,19841,1405.5
8090,Mon Nov 12 10:26:34 2018,2,12,0,0,0,4,1335,19916,1501.5
8090,Mon Nov 12 10:26:57 2018,2,12,0,0,0,4,1912,20476,1572.5
8090,Mon Nov 12 10:27:17 2018,2,12,0,0,0,3,1727,18868,1532.0
8090,Mon Nov 12 10:27:44 2018,3,12,0,0,0,3,1447,22131,1587.0
8090,Mon Nov 12 10:28:09 2018,3,12,0,0,0,4,1643,23107,1814.5
8090,Mon Nov 12 10:28:34 2018,3,12,0,0,0,4,2053,22876,1823.5
8168,Mon Feb 25 13:17:33 2019,1,12,0,0,0,10,3615,39492,2927.0
8168,Mon Feb 25 13:18:24 2019,1,12,0,0,0,11,2852,47371,3688.5
8168,Mon Feb 25 13:18:55 2019,1,12,0,0,0,10,1709,29792,2289.0
8168,Mon Feb 25 13:19:45 2019,2,12,0,0,0,12,2586,43532,3432.0
8168,Mon Feb 25 13:20:31 2019,2,12,0,0,0,11,1467,43973,3147.5
8168,Mon Feb 25 13:21:24 2019,2,12,0,0,0,11,1451,52212,3788.0
8168,Mon Feb 25 13:22:16 2019,3,12,0,0,0,11,1625,46410,3220.5
8168,Mon Feb 25 13:23:26 2019,3,12,0,0,0,11,1612,68419,6555.0
8168,Mon Feb 25 13:24:22 2019,3,12,3,0,3,10,1522,54451,2539.5
8152,Wed Dec 05 10:12:16 2018,1,12,6,6,6,8,3361,42331,2358.0
8152,Wed Dec 05 10:12:47 2018,1,12,0,0,0,7,2831,28019,2251.5
8152,Wed Dec 05 10:13:21 2018,1,12,0,0,0,8,5048,29277,2109.0
8152,Wed Dec 05 10:13:58 2018,2,12,0,0,0,4,2607,23188,1932.5
8152,Wed Dec 05 10:14:31 2018,2,12,0,0,0,5,4456,28852,1917.0
8152,Wed Dec 05 10:15:04 2018,2,12,0,0,0,9,2512,29627,2566.5
8152,Wed Dec 05 10:15:44 2018,3,12,1,0,1,9,2665,32737,2576.0
8152,Wed Dec 05 10:16:21 2018,3,12,2,0,2,7,2295,34274,2576.5
8152,Wed Dec 05 10:16:50 2018,3,12,0,0,0,8,2454,26272,2170.5
8092,Mon Nov 12 12:53:01 2018,1,12,0,0,0,4,2543,25169,1840.5
8092,Mon Nov 12 12:53:29 2018,1,12,0,0,0,5,1989,25555,1879.0
8092,Mon Nov 12 12:54:00 2018,1,12,0,0,0,8,3243,27624,2166.5
8092,Mon Nov 12 12:55:19 2018,2,12,0,0,0,4,1507,24259,1678.5
8092,Mon Nov 12 12:55:41 2018,2,12,0,0,0,3,1723,20828,1691.0
8092,Mon Nov 12 12:56:05 2018,2,12,0,0,0,3,3019,20348,1736.0
8092,Mon Nov 12 12:56:36 2018,3,12,0,0,0,5,2783,26170,1834.0
8092,Mon Nov 12 12:57:02 2018,3,12,0,0,0,6,1595,24089,2032.5
8092,Mon Nov 12 12:57:31 2018,3,12,0,0,0,7,1314,27100,2233.5
8149,Mon Dec 03 14:49:12 2018,1,12,0,0,0,4,3551,25376,1819.0
8149,Mon Dec 03 14:49:48 2018,1,12,0,0,0,7,3078,32912,2180.5
8149,Mon Dec 03 14:50:16 2018,1,12,0,0,0,8,1503,26426,2339.0
8149,Mon Dec 03 14:50:42 2018,2,12,0,0,0,3,987,19556,1515.5
8149,Mon Dec 03 14:51:04 2018,2,12,0,0,0,4,1603,21068,1774.5
8149,Mon Dec 03 14:51:29 2018,2,12,1,0,1,4,1178,23555,1337.0
8149,Mon Dec 03 14:52:00 2018,3,12,0,0,0,2,1402,27715,1757.0
8149,Mon Dec 03 14:52:28 2018,3,12,0,0,0,5,1553,26009,1691.5
8149,Mon Dec 03 14:52:55 2018,3,12,1,0,0,5,930,26130,1764.5
8163,Wed Feb 20 14:09:43 2019,1,12,0,0,0,0,5447,16969,1313.5
8163,Wed Feb 20 14:10:13 2019,1,12,1,0,1,6,4109,25403,2146.5
8163,Wed Feb 20 14:10:35 2019,1,12,0,0,0,2,3916,17809,1431.0
8163,Wed Feb 20 14:10:58 2019,2,12,1,0,1,3,3059,18156,1189.0
8163,Wed Feb 20 14:11:21 2019,2,12,0,0,0,4,2300,20164,1560.5
8163,Wed Feb 20 14:11:44 2019,2,12,0,0,0,4,1627,21307,1646.5
8163,Wed Feb 20 14:12:16 2019,3,12,0,0,0,2,4609,19369,1538.5
8163,Wed Feb 20 14:12:39 2019,3,12,0,0,0,2,2307,21048,1638.0
8163,Wed Feb 20 14:13:03 2019,3,12,0,0,0,3,1268,22081,1742.0
8138,Fri Nov 30 10:38:55 2018,1,12,0,0,0,8,5976,30963,2456.5
8138,Fri Nov 30 10:39:20 2018,1,12,0,0,0,3,2510,23063,1855.0
8138,Fri Nov 30 10:39:54 2018,1,12,0,0,0,8,2675,30495,2588.5
8138,Fri Nov 30 10:40:38 2018,2,12,0,0,0,9,2872,30339,2358.5
8138,Fri Nov 30 10:41:16 2018,2,12,2,0,2,6,8024,30676,2012.0
8138,Fri Nov 30 10:41:42 2018,2,12,0,0,0,7,2104,23675,2050.5
8138,Fri Nov 30 10:42:27 2018,3,12,0,0,0,7,4705,36911,2852.5
8138,Fri Nov 30 10:42:58 2018,3,12,0,0,0,9,1817,29320,2521.5
8138,Fri Nov 30 10:43:30 2018,3,12,0,0,0,7,1536,30602,2181.5
8103,Wed Nov 14 11:18:33 2018,1,12,0,0,0,4,1966,23994,1830.5
8103,Wed Nov 14 11:19:04 2018,1,12,0,0,0,7,2675,29050,2170.5
8103,Wed Nov 14 11:19:29 2018,1,12,0,0,0,4,1886,23138,1873.5
8103,Wed Nov 14 11:20:03 2018,2,12,0,0,0,6,1611,26219,1966.5
8103,Wed Nov 14 11:20:34 2018,2,12,0,0,0,7,1555,29557,2260.5
8103,Wed Nov 14 11:21:03 2018,2,12,0,0,0,3,1828,27075,1504.5
8103,Wed Nov 14 11:21:30 2018,3,12,0,0,0,7,1729,23768,2181.0
8103,Wed Nov 14 11:21:59 2018,3,12,0,0,0,3,1724,26747,1607.5
8103,Wed Nov 14 11:22:28 2018,3,12,0,0,0,6,1794,27656,1919.5
7,Mon Oct 08 08:39:14 2018,1,12,0,0,0,8,2274,27873,2225.0
7,Mon Oct 08 08:39:47 2018,1,12,0,0,0,7,2577,30592,2201.0
7,Mon Oct 08 08:40:10 2018,1,12,0,0,0,2,5537,17937,1309.0
7,Mon Oct 08 08:40:47 2018,2,12,0,0,0,4,2998,23076,1789.0
7,Mon Oct 08 08:41:14 2018,2,12,0,0,0,4,4190,22436,1928.0
7,Mon Oct 08 08:41:43 2018,2,12,0,0,0,6,2367,26858,1956.0
7,Mon Oct 08 08:42:14 2018,3,12,0,0,0,8,2448,26697,2221.0
7,Mon Oct 08 08:42:39 2018,3,12,0,0,0,5,2462,23274,1828.5
7,Mon Oct 08 08:43:06 2018,3,12,0,0,0,5,2646,23385,1859.5
8020,Thu Oct 18 14:03:41 2018,1,12,0,0,0,8,3658,27494,2329.0
8020,Thu Oct 18 14:04:05 2018,1,12,0,0,0,6,2195,22258,1851.0
8020,Thu Oct 18 14:04:32 2018,1,12,0,0,0,5,1769,24615,1493.5
8020,Thu Oct 18 14:05:13 2018,2,12,0,0,0,7,2065,28427,2016.5
8020,Thu Oct 18 14:05:38 2018,2,12,0,0,0,4,1415,23284,1755.0
8020,Thu Oct 18 14:05:59 2018,2,12,0,0,0,3,1248,19427,1349.5
8020,Thu Oct 18 14:06:34 2018,3,12,0,0,0,7,1231,31241,2688.0
8020,Thu Oct 18 14:07:06 2018,3,12,0,0,0,8,1911,29872,2247.5
8020,Thu Oct 18 14:07:33 2018,3,12,0,0,0,5,1256,26618,1906.0
8057,Wed Oct 31 13:43:23 2018,1,12,0,0,0,12,3070,41090,2795.0
8057,Wed Oct 31 13:44:09 2018,1,12,0,0,0,11,2556,43432,2932.5
8057,Wed Oct 31 13:44:48 2018,1,12,0,0,0,12,2686,36708,2657.5
8057,Wed Oct 31 13:45:45 2018,2,12,0,0,0,11,2146,40964,3038.0
8057,Wed Oct 31 13:46:20 2018,2,12,0,0,0,9,2395,31651,2621.5
8057,Wed Oct 31 13:46:54 2018,2,12,0,0,0,8,1579,32923,2788.5
8057,Wed Oct 31 13:47:42 2018,3,12,0,0,0,11,2841,42320,2851.0
8057,Wed Oct 31 13:48:26 2018,3,12,0,0,0,10,2412,41985,3149.5
8057,Wed Oct 31 13:49:21 2018,3,12,0,0,0,11,9795,45273,3479.5
8169,Mon Feb 25 15:26:20 2019,1,12,0,0,0,6,2087,23920,1994.5
8169,Mon Feb 25 15:26:48 2019,1,12,1,1,1,5,2152,25696,1922.5
8169,Mon Feb 25 15:27:11 2019,1,12,0,0,0,2,2390,20672,1828.5
8169,Mon Feb 25 15:27:43 2019,2,12,0,0,0,4,2291,23347,1734.0
8169,Mon Feb 25 15:28:08 2019,2,12,0,0,0,6,1652,23436,1842.5
8169,Mon Feb 25 15:28:32 2019,2,12,0,0,0,3,1555,22444,1523.0
8169,Mon Feb 25 15:28:58 2019,3,12,0,0,0,6,976,22978,1998.0
8169,Mon Feb 25 15:29:27 2019,3,12,0,0,0,9,1266,27338,2247.0
8169,Mon Feb 25 15:29:54 2019,3,12,0,0,0,5,1746,25313,1887.5
8146,Mon Dec 03 11:21:59 2018,1,12,0,0,0,5,5222,24755,1972.0
8146,Mon Dec 03 11:22:36 2018,1,12,0,0,0,9,3837,33360,2685.5
8146,Mon Dec 03 11:23:02 2018,1,12,0,0,0,3,2206,23898,1553.0
8146,Mon Dec 03 11:23:36 2018,2,12,0,0,0,1,2708,20427,1633.0
8146,Mon Dec 03 11:24:06 2018,2,12,0,0,0,4,5987,23404,1778.5
8146,Mon Dec 03 11:24:31 2018,2,12,0,0,0,5,2395,23204,1882.0
8146,Mon Dec 03 11:25:11 2018,3,12,0,0,0,9,2921,33345,2661.5
8146,Mon Dec 03 11:25:41 2018,3,12,0,0,0,9,2163,28274,2205.0
8146,Mon Dec 03 11:26:14 2018,3,12,0,0,0,7,3961,28330,2239.5
8100,Wed Nov 14 08:05:40 2018,1,12,0,0,0,8,1358,33552,2132.0
8100,Wed Nov 14 08:06:28 2018,1,12,0,0,0,8,1670,46051,2439.0
8100,Wed Nov 14 08:07:22 2018,1,12,1,0,1,8,1484,52739,3019.5
8100,Wed Nov 14 08:08:03 2018,2,12,0,0,0,9,804,33755,2406.5
8100,Wed Nov 14 08:08:31 2018,2,12,0,0,0,6,1171,26917,1954.0
8100,Wed Nov 14 08:08:59 2018,2,12,0,0,0,6,1019,27276,2055.5
8100,Wed Nov 14 08:09:40 2018,3,12,0,0,0,11,1402,37591,2837.5
8100,Wed Nov 14 08:10:27 2018,3,12,0,0,0,10,940,45563,2731.5
8100,Wed Nov 14 08:11:10 2018,3,12,1,1,1,8,936,42171,2161.0
8175,Fri Mar 01 11:18:10 2019,1,12,0,0,0,5,5554,25018,1917.0
8175,Fri Mar 01 11:18:37 2019,1,12,0,0,0,2,5809,20553,1771.5
8175,Fri Mar 01 11:18:58 2019,1,12,0,0,0,0,2922,18144,1516.0
8175,Fri Mar 01 11:19:24 2019,2,12,0,0,0,4,1119,23140,1690.0
8175,Fri Mar 01 11:19:51 2019,2,12,0,0,0,5,1367,25900,1905.0
8175,Fri Mar 01 11:20:13 2019,2,12,0,0,0,3,1813,19636,1477.0
8175,Fri Mar 01 11:20:45 2019,3,12,1,1,1,7,1184,28729,2089.0
8175,Fri Mar 01 11:21:12 2019,3,12,0,0,0,7,2007,25713,2163.0
8175,Fri Mar 01 11:21:48 2019,3,12,1,0,1,6,1657,33481,2014.0
8171,Wed Feb 27 13:12:01 2019,1,12,0,0,0,5,2053,23677,1799.0
8171,Wed Feb 27 13:12:28 2019,1,12,0,0,0,5,1962,25348,1937.0
8171,Wed Feb 27 13:13:06 2019,1,12,1,0,1,9,1504,36490,2338.0
8171,Wed Feb 27 13:13:38 2019,2,12,0,0,0,5,1896,22953,1803.0
8171,Wed Feb 27 13:14:01 2019,2,12,0,0,0,3,2265,21236,1663.5
8171,Wed Feb 27 13:14:22 2019,2,12,0,0,0,2,1256,19177,1421.0
8171,Wed Feb 27 13:14:56 2019,3,12,0,0,0,8,959,30219,2274.5
8171,Wed Feb 27 13:15:20 2019,3,12,0,0,0,3,1941,22247,1630.0
8171,Wed Feb 27 13:15:49 2019,3,12,1,0,1,5,1187,27420,1948.5
8170,Mon Feb 25 14:43:31 2019,1,12,0,0,0,2,2190,21831,1647.0
8170,Mon Feb 25 14:43:54 2019,1,12,0,0,0,4,1639,21562,1512.5
8170,Mon Feb 25 14:44:20 2019,1,12,0,0,0,6,1925,23804,1967.0
8170,Mon Feb 25 14:45:08 2019,2,12,3,0,3,11,1283,37708,2901.0
8170,Mon Feb 25 14:45:31 2019,2,12,1,0,1,4,1524,21268,1456.5
8170,Mon Feb 25 14:45:57 2019,2,12,0,0,0,6,1347,24788,1867.0
8170,Mon Feb 25 14:46:30 2019,3,12,0,0,0,8,2737,27640,2172.0
8170,Mon Feb 25 14:46:55 2019,3,12,0,0,0,5,1556,22875,1920.0
8170,Mon Feb 25 14:47:33 2019,3,12,0,0,0,8,1537,37042,3069.5
8117,Mon Nov 26 14:32:40 2018,1,12,0,0,0,7,3755,26081,2166.5
8117,Mon Nov 26 14:33:16 2018,1,12,0,0,0,7,1737,34336,2233.5
8117,Mon Nov 26 14:33:59 2018,1,12,0,0,0,10,7707,35609,2906.5
8117,Mon Nov 26 14:34:36 2018,2,12,0,0,0,8,2616,28741,2090.5
8117,Mon Nov 26 14:35:14 2018,2,12,0,0,0,8,1719,36251,2830.5
8117,Mon Nov 26 14:35:51 2018,2,12,0,0,0,7,1694,34964,2715.0
8117,Mon Nov 26 14:36:23 2018,3,12,0,0,0,6,1784,27841,2011.5
8117,Mon Nov 26 14:36:51 2018,3,12,0,0,0,5,1255,26692,1880.5
8117,Mon Nov 26 14:37:23 2018,3,12,1,0NA,0,8,1228,30527,2435.0
8147,Mon Dec 03 12:32:40 2018,1,12,0,0,0,11,5197,34521,2841.5
8147,Mon Dec 03 12:33:29 2018,1,12,2,0,0,9,3558,45787,2659.0
8147,Mon Dec 03 12:34:24 2018,1,12,0,0,0,12,3107,52387,3687.0
8147,Mon Dec 03 12:35:13 2018,2,12,0,0,0,11,1980,38756,3029.0
8147,Mon Dec 03 12:35:47 2018,2,12,0,0,0,6,3131,30260,2036.5
8147,Mon Dec 03 12:36:21 2018,2,12,0,0,0,9,2355,31683,2560.5
8147,Mon Dec 03 12:37:25 2018,3,12,2,0,2,11,4856,52952,2906.5
8147,Mon Dec 03 12:38:06 2018,3,12,0,0,0,10,1876,39432,3052.5
8147,Mon Dec 03 12:39:09 2018,3,12,1,0,0,12,2300,60231,3479.5
8132,Thu Nov 29 12:00:11 2018,1,12,0,0,0,9,2410,27601,2097.0
8132,Thu Nov 29 12:00:44 2018,1,12,0,0,0,12,2737,29568,2337.0
8132,Thu Nov 29 12:01:14 2018,1,12,0,0,0,7,1562,28899,2392.0
8132,Thu Nov 29 12:01:46 2018,2,12,0,0,0,5,2673,24076,1902.5
8132,Thu Nov 29 12:02:20 2018,2,12,0,0,0,7,1542,32852,2433.0
8132,Thu Nov 29 12:02:50 2018,2,12,0,0,0,7,1582,27988,2175.0
8132,Thu Nov 29 12:03:31 2018,3,12,0,0,0,8,4192,34122,2144.0
8132,Thu Nov 29 12:04:07 2018,3,12,0,0,0,11,1510,34307,2619.5
8132,Thu Nov 29 12:04:46 2018,3,12,1,1,1,9,2115,37281,2934.0
8106,Wed Nov 14 13:38:44 2018,1,12,0,0,0,10,3147,31524,2314.0
8106,Wed Nov 14 13:39:20 2018,1,12,0,0,0,6,3859,32230,2015.5
8106,Wed Nov 14 13:39:53 2018,1,12,0,0,0,7,4203,28835,2102.5
8106,Wed Nov 14 13:40:35 2018,2,12,0,0,0,7,3811,25172,2068.0
8106,Wed Nov 14 13:41:08 2018,2,12,2,0,1,8,4115,28403,2149.0
8106,Wed Nov 14 13:41:41 2018,2,12,1,0,1,8,3251,30172,2186.0
8106,Wed Nov 14 13:42:12 2018,3,12,0,0,0,5,2665,25336,1911.0
8106,Wed Nov 14 13:42:39 2018,3,12,0,0,0,6,1785,25377,1981.0
8106,Wed Nov 14 13:43:12 2018,3,12,0,0,0,7,2875,29963,2319.5
8051,Tue Oct 30 11:39:34 2018,1,12,1,0,0,5,2460,25394,1662.5
8051,Tue Oct 30 11:40:05 2018,1,12,0,0,0,8,2985,27283,2259.0
8051,Tue Oct 30 11:40:34 2018,1,12,1,0,1,5,2514,26474,1668.5
8051,Tue Oct 30 11:41:08 2018,2,12,0,0,0,7,936,25774,2178.5
8051,Tue Oct 30 11:41:37 2018,2,12,0,0,0,5,2280,26060,1953.0
8051,Tue Oct 30 11:41:59 2018,2,12,0,0,0,3,2129,19901,1628.0
8051,Tue Oct 30 11:42:29 2018,3,12,0,0,0,7,2003,24755,2135.5
8051,Tue Oct 30 11:42:53 2018,3,12,0,0,0,1,2724,21873,1881.0
8051,Tue Oct 30 11:43:21 2018,3,12,0,0,0,6,2569,25312,2207.5
8142,Fri Nov 30 16:06:23 2018,1,12,0,0,0,2,2203,15283,1104.5
8142,Fri Nov 30 16:06:42 2018,1,12,0,0,0,1,3943,14592,1085.0
8142,Fri Nov 30 16:07:08 2018,1,12,2,0,2,3,3643,22025,1405.5
8142,Fri Nov 30 16:07:35 2018,2,12,0,0,0,1,2165,16900,1420.0
8142,Fri Nov 30 16:07:57 2018,2,12,0,0,0,5,1655,19732,1934.0
8142,Fri Nov 30 16:08:16 2018,2,12,0,0,0,3,1440,17659,1407.5
8142,Fri Nov 30 16:08:41 2018,3,12,0,0,0,2,1408,19602,1555.5
8142,Fri Nov 30 16:09:05 2018,3,12,0,0,0,3,2814,20384,1597.0
8142,Fri Nov 30 16:09:29 2018,3,12,0,0,0,4,3904,20659,1636.0
8173,Wed Feb 27 14:30:52 2019,1,12,0,0,0,6,2015,27378,2097.5
8173,Wed Feb 27 14:31:17 2019,1,12,0,0,0,4,1980,22850,1582.0
8173,Wed Feb 27 14:31:42 2019,1,12,0,0,0,4,1670,23339,1769.5
8173,Wed Feb 27 14:32:11 2019,2,12,0,0,0,1,2364,19404,1604.0
8173,Wed Feb 27 14:32:35 2019,2,12,0,0,0,4,1524,21836,1481.0
8173,Wed Feb 27 14:33:02 2019,2,12,1,0NA,1,3,2084,24851,1705.0
8173,Wed Feb 27 14:33:28 2019,3,12,0,0,0,2,2673,21353,1511.0
8173,Wed Feb 27 14:33:57 2019,3,12,1,0,1,7,1412,27385,2176.0
8173,Wed Feb 27 14:34:23 2019,3,12,1,0,1,5,1602,24897,1884.0
8130,Wed Nov 28 13:44:37 2018,1,12,1,1,1,5,2102,25563,1833.0
8130,Wed Nov 28 13:45:11 2018,1,12,1,1,1,7,2077,31433,2076.5
8130,Wed Nov 28 13:45:39 2018,1,12,0,0,0,6,1684,26880,2198.0
8130,Wed Nov 28 13:46:12 2018,2,12,0,0,0,4,2156,22971,1600.5
8130,Wed Nov 28 13:46:35 2018,2,12,0,0,0,3,2044,20427,1269.0
8130,Wed Nov 28 13:47:02 2018,2,12,0,0,0,5,1235,25909,1973.0
8130,Wed Nov 28 13:47:32 2018,3,12,0,0,0,6,2210,24945,1990.0
8130,Wed Nov 28 13:48:05 2018,3,12,2,0,2,8,1314,31465,2491.0
8130,Wed Nov 28 13:48:36 2018,3,12,0,0,0,8,1498,30172,2574.0
8164,Wed Feb 20 15:28:33 2019,1,12,0,0,0,4,2414,21498,1864.5
8164,Wed Feb 20 15:29:03 2019,1,12,1,0,1,6,2094,27952,2115.0
8164,Wed Feb 20 15:29:28 2019,1,12,0,0,0,4,1312,22970,1837.5
8164,Wed Feb 20 15:30:01 2019,2,12,0,0,0,2,5444,19236,1393.0
8164,Wed Feb 20 15:30:20 2019,2,12,0,0,0,3,1204,18180,1272.0
8164,Wed Feb 20 15:30:42 2019,2,12,0,0,0,2,1787,20283,1648.5
8164,Wed Feb 20 15:31:09 2019,3,12,0,0,0,4,1497,22827,1932.0
8164,Wed Feb 20 15:31:37 2019,3,12,1,0,0,5,1170,26017,1930.0
8164,Wed Feb 20 15:32:12 2019,3,12,1,0,0,7,1219,33800,2308.0
8078,Wed Nov 07 09:04:53 2018,1,12,1,0,1,5,6058,23450,1783.5
8078,Wed Nov 07 09:05:22 2018,1,12,0,0,0,5,3632,25340,1767.5
8078,Wed Nov 07 09:05:44 2018,1,12,0,0,0,3,1440,20952,1596.0
8078,Wed Nov 07 09:06:17 2018,2,12,0,0,0,4,1682,22011,1685.0
8078,Wed Nov 07 09:06:42 2018,2,12,0,0,0,2,5936,19156,1511.5
8078,Wed Nov 07 09:07:02 2018,2,12,0,0,0,2,1463,18260,1300.5
8078,Wed Nov 07 09:07:31 2018,3,12,0,0,0,3,2320,23521,1861.5
8078,Wed Nov 07 09:07:57 2018,3,12,0,0,0,5,1784,24579,1875.0
8078,Wed Nov 07 09:08:26 2018,3,12,0,0,0,7,1533,27287,2108.0
8095,Mon Nov 12 15:37:08 2018,1,12,0,0,0,11,2690,30151,2387.5
8095,Mon Nov 12 15:37:32 2018,1,12,0,0,0,3,1554,23316,1831.5
8095,Mon Nov 12 15:38:08 2018,1,12,0,0,0,9,1510,33697,2644.5
8095,Mon Nov 12 15:38:42 2018,2,12,0,0,0,7,1927,23980,2082.0
8095,Mon Nov 12 15:39:12 2018,2,12,0,0,0,6,1694,28403,1863.5
8095,Mon Nov 12 15:39:38 2018,2,12,0,0,0,5,1376,24436,1940.0
8095,Mon Nov 12 15:40:08 2018,3,12,0,0,0,6,1473,25834,2057.5
8095,Mon Nov 12 15:40:39 2018,3,12,0,0,0,8,1621,28994,2282.0
8095,Mon Nov 12 15:41:07 2018,3,12,0,0,0,5,2229,25298,1860.0
8050,Tue Oct 30 11:50:14 2018,1,12,1,1,1,9,2413,36274,2547.0
8050,Tue Oct 30 11:50:50 2018,1,12,0,0,0,6,2075,33479,2138.5
8050,Tue Oct 30 11:51:19 2018,1,12,0,0,0,5,2254,27066,1884.5
8050,Tue Oct 30 11:51:54 2018,2,12,0,0,0,7,1200,25837,2264.0
8050,Tue Oct 30 11:52:32 2018,2,12,3,0,0,8,1863,35869,2449.5
8050,Tue Oct 30 11:52:57 2018,2,12,0,0,0,5,1128,23454,1738.5
8050,Tue Oct 30 11:53:25 2018,3,12,0,0,0,4,1155,23307,1831.0
8050,Tue Oct 30 11:53:58 2018,3,12,0,0,0,9,1239,31954,2546.0
8050,Tue Oct 30 11:54:33 2018,3,12,1,1,1,9,1408,33313,2453.5
8096,Tue Nov 13 12:14:27 2018,1,12,0,0,0,11,4218,32929,2494.0
8096,Tue Nov 13 12:15:00 2018,1,12,0,0,0,8,2496,30722,2517.5
8096,Tue Nov 13 12:15:33 2018,1,12,0,0,0,9,3209,29471,2318.0
8096,Tue Nov 13 12:16:13 2018,2,12,0,0,0,5,3234,26893,1613.0
8096,Tue Nov 13 12:16:42 2018,2,12,0,0,0,7,2239,26611,2166.0
8096,Tue Nov 13 12:17:13 2018,2,12,0,0,0,5,2415,29083,1864.0
8096,Tue Nov 13 12:17:44 2018,3,12,0,0,0,3,3239,23690,1716.0
8096,Tue Nov 13 12:18:13 2018,3,12,0,0,0,7,1559,27313,2189.5
8096,Tue Nov 13 12:18:48 2018,3,12,0,0,0,8,2046,32850,2521.0
8027,Mon Oct 22 12:37:05 2018,1,12,1,1,1,4,4710,23691,1816.0
8027,Mon Oct 22 12:37:33 2018,1,12,0,0,0,5,4397,23256,1825.5
8027,Mon Oct 22 12:37:57 2018,1,12,0,0,0,4,1694,22042,1657.5
8027,Mon Oct 22 12:38:24 2018,2,12,0,0,0,0,2780,16068,1213.5
8027,Mon Oct 22 12:38:49 2018,2,12,0,0,0,5,2194,22565,1747.5
8027,Mon Oct 22 12:39:10 2018,2,12,1,0,0,3,1683,19308,1435.5
8027,Mon Oct 22 12:39:34 2018,3,12,0,0,0,4,2135,20236,1624.0
8027,Mon Oct 22 12:39:59 2018,3,12,0,0,0,4,1177,23275,1874.0
8027,Mon Oct 22 12:40:21 2018,3,12,0,0,0,2,1696,20586,1683.0
8134,Thu Nov 29 14:09:41 2018,1,12,0,0,0,5,1866,25256,1970.5
8134,Thu Nov 29 14:10:14 2018,1,12,0,0,0,7,5739,26955,2370.0
8134,Thu Nov 29 14:10:36 2018,1,12,0,0,0,3,2631,19793,1515.5
8134,Thu Nov 29 14:11:09 2018,2,12,0,0,0,4,1288,24460,1653.5
8134,Thu Nov 29 14:11:33 2018,2,12,0,0,0,2,2424,21812,1705.5
8134,Thu Nov 29 14:11:57 2018,2,12,0,0,0,4,1950,22204,1756.5
8134,Thu Nov 29 14:12:28 2018,3,12,0,0,0,3,3042,21872,1882.5
8134,Thu Nov 29 14:12:55 2018,3,12,0,0,0,5,2183,24819,1771.0
8134,Thu Nov 29 14:13:27 2018,3,12,0,0,0,9,4358,27529,2331.5
8004,Thu Oct 11 12:04:17 2018,1,12,0,0,0,4,2522,22297,1717.5
8004,Thu Oct 11 12:04:41 2018,1,12,0,0,0,4,2034,22042,1763.5
8004,Thu Oct 11 12:05:06 2018,1,12,0,0,0,4,2121,22760,1903.0
8004,Thu Oct 11 12:05:37 2018,2,12,0,0,0,3,2234,18451,1400.5
8004,Thu Oct 11 12:05:58 2018,2,12,0,0,0,3,2159,18348,1524.5
8004,Thu Oct 11 12:06:20 2018,2,12,0,0,0,3,1672,20196,1536.5
8004,Thu Oct 11 12:06:48 2018,3,12,0,0,0,5,1745,24222,1845.5
8004,Thu Oct 11 12:07:13 2018,3,12,0,0,0,6,1713,23028,1988.0
8004,Thu Oct 11 12:07:36 2018,3,12,0,0,0,3,1668,21177,1606.0
8097,Tue Nov 13 11:35:22 2018,1,12,0,0,0,9,3091,28672,2484.0
8097,Tue Nov 13 11:35:55 2018,1,12,0,0,0,6,1731,31649,2005.0
8097,Tue Nov 13 11:36:21 2018,1,12,0,0,0,4,2003,23657,1716.5
8097,Tue Nov 13 11:36:57 2018,2,12,0,0,0,7,1029,25149,2174.5
8097,Tue Nov 13 11:37:27 2018,2,12,0,0,0,8,1486,28829,2248.0
8097,Tue Nov 13 11:38:01 2018,2,12,0,0,0,8,1623,31515,2120.0
8097,Tue Nov 13 11:38:39 2018,3,12,0,0,0,6,2256,32859,1994.5
8097,Tue Nov 13 11:39:11 2018,3,12,0,0,0,7,1861,30883,2023.0
8097,Tue Nov 13 11:39:39 2018,3,12,0,0,0,4,1948,25577,1695.5
8038,Wed Oct 24 11:47:11 2018,1,12,0,0,0,10,3974,35635,2876.0
8038,Wed Oct 24 11:47:46 2018,1,12,0,0,0,10,1588,32903,2773.0
8038,Wed Oct 24 11:48:26 2018,1,12,0,0,0,11,2639,37047,2722.0
8038,Wed Oct 24 11:49:22 2018,2,12,3,0,3,11,2557,46321,3297.5
8038,Wed Oct 24 11:49:57 2018,2,12,0,0,0,8,1516,33324,2416.5
8038,Wed Oct 24 11:50:29 2018,2,12,0,0,0,7,1900,30420,2193.0
8038,Wed Oct 24 11:51:03 2018,3,12,0,0,0,9,1313,30289,2617.0
8038,Wed Oct 24 11:51:29 2018,3,12,0,0,0,6,1436,23770,1876.5
8038,Wed Oct 24 11:52:03 2018,3,12,0,0,0,9,1882,32400,2674.5
8044,Thu Oct 25 13:49:11 2018,1,12,0,0,0,10,2667,31833,2442.0
8044,Thu Oct 25 13:49:42 2018,1,12,0,0,0,7,1377,29315,2155.5
8044,Thu Oct 25 13:50:10 2018,1,12,0,0,0,6,1360,26825,2023.5
8044,Thu Oct 25 13:50:46 2018,2,12,0,0,0,5,2882,24844,1893.0
8044,Thu Oct 25 13:51:25 2018,2,12,0,0,0,7,1317,38026,2941.5
8044,Thu Oct 25 13:51:55 2018,2,12,0,0,0,6,1095,28045,2040.5
8044,Thu Oct 25 13:52:38 2018,3,12,0,0,0,8,4471,32144,2264.0
8044,Thu Oct 25 13:53:15 2018,3,12,1,0,0,10,1079,35593,2728.5
8044,Thu Oct 25 13:53:44 2018,3,12,0,0,0,5,5740,23466,1660.5
8055,Wed Oct 31 12:48:03 2018,1,12,0,0,0,10,2757,34552,2650.5
8055,Wed Oct 31 12:48:30 2018,1,12,0,0,0,4,2328,24952,1853.0
8055,Wed Oct 31 12:48:54 2018,1,12,0,0,0,5,1559,22299,1948.0
8055,Wed Oct 31 12:49:29 2018,2,12,0,0,0,3,2179,24052,1670.0
8055,Wed Oct 31 12:49:59 2018,2,12,0,0,0,5,2185,27548,1723.5
8055,Wed Oct 31 12:50:27 2018,2,12,1,0,0,5,1539,26780,1780.5
8055,Wed Oct 31 12:51:00 2018,3,12,0,0,0,6,2250,28778,2278.0
8055,Wed Oct 31 12:51:31 2018,3,12,0,0,0,7,1258,29634,2532.0
8055,Wed Oct 31 12:52:08 2018,3,12,1,0,0,7,1659,35593,2199.5
8025,Mon Oct 22 09:39:29 2018,1,12,0,0,0,7,2008,29979,2484.5
8025,Mon Oct 22 09:40:02 2018,1,12,0,0,0,12,1992,31017,2355.5
8025,Mon Oct 22 09:40:30 2018,1,12,0,0,0,5,1738,26480,1893.5
8025,Mon Oct 22 09:41:05 2018,2,12,1,0,0,6,1745,25780,2189.0
8025,Mon Oct 22 09:41:33 2018,2,12,0,0,0,6,1583,27203,1991.0
8025,Mon Oct 22 09:41:58 2018,2,12,0,0,0,6,1591,22908,1825.0
8025,Mon Oct 22 09:42:36 2018,3,12,2,0,2,8,1097,35081,2948.0
8025,Mon Oct 22 09:43:12 2018,3,12,2,1,2,7,1405,35450,2201.5
8025,Mon Oct 22 09:43:52 2018,3,12,1,0,0,10,1238,38715,2735.5
8157,Wed Dec 05 13:46:46 2018,1,12,0,0,0,4,3686,21218,1801.0
8157,Wed Dec 05 13:47:12 2018,1,12,0,0,0,4,4630,22079,1849.5
8157,Wed Dec 05 13:47:41 2018,1,12,3,0NA00,1,7,1863,26860,2190.0
8157,Wed Dec 05 13:48:24 2018,2,12,0,0,0,6,3363,28171,2274.0
8157,Wed Dec 05 13:48:53 2018,2,12,0,0,0,6,1483,26605,1934.5
8157,Wed Dec 05 13:49:19 2018,2,12,0,0,0,5,1755,24140,1913.5
8157,Wed Dec 05 13:49:47 2018,3,12,0,0,0,3,3443,22865,1840.5
8157,Wed Dec 05 13:50:09 2018,3,12,1,1,1,1,1236,20673,1592.5
8157,Wed Dec 05 13:50:31 2018,3,12,0,0,0,4,1764,20769,1672.5
8085,Fri Nov 09 14:07:04 2018,1,12,0,0,0,10,2120,32882,2523.5
8085,Fri Nov 09 14:07:51 2018,1,12,0,0,0,10,2153,44507,2829.0
8085,Fri Nov 09 14:08:20 2018,1,12,0,0,0,5,2512,26451,1894.5
8085,Fri Nov 09 14:09:01 2018,2,12,0,0,0,8,3210,32324,2120.0
8085,Fri Nov 09 14:09:39 2018,2,12,3,0,0,8,2047,36164,2289.5
8085,Fri Nov 09 14:10:07 2018,2,12,0,0,0,4,2887,24564,1848.5
8085,Fri Nov 09 14:10:43 2018,3,12,2,0,1,8,1921,31740,2844.0
8085,Fri Nov 09 14:11:21 2018,3,12,1,0NA,1,11,2101,36257,2617.5
8085,Fri Nov 09 14:11:57 2018,3,12,0,0,0,6,2638,33539,2018.0
8019,Thu Oct 18 14:37:27 2018,1,12,0,0,0,1,2690,20929,1624.5
8019,Thu Oct 18 14:37:51 2018,1,12,1,0NA,0,4,2065,21130,1629.0
8019,Thu Oct 18 14:38:11 2018,1,12,0,0,0,3,1561,18256,1558.0
8019,Thu Oct 18 14:38:34 2018,2,12,0,0,0,1,2606,16275,1259.5
8019,Thu Oct 18 14:38:52 2018,2,12,0,0,0,2,1407,16620,1266.5
8019,Thu Oct 18 14:39:11 2018,2,12,0,0,0,2,1152,18148,1542.0
8019,Thu Oct 18 14:39:40 2018,3,12,2,0,2,6,1225,26280,1966.5
8019,Thu Oct 18 14:40:04 2018,3,12,0,0,0,2,2192,21191,1617.5
8019,Thu Oct 18 14:40:27 2018,3,12,0,0,0,4,1585,21779,1817.0
8083,Thu Nov 08 13:44:03 2018,1,12,0,0,0,7,2211,26898,2147.0
8083,Thu Nov 08 13:44:42 2018,1,12,0,0,0,11,5631,32578,2658.5
8083,Thu Nov 08 13:45:16 2018,1,12,0,0,0,4,8585,25539,1801.5
8083,Thu Nov 08 13:46:00 2018,2,12,0,0,0,6,2537,25524,2118.5
8083,Thu Nov 08 13:46:25 2018,2,12,0,0,0,1,5943,19108,1653.5
8083,Thu Nov 08 13:46:49 2018,2,12,0,0,0,2,3687,20100,1564.0
8083,Thu Nov 08 13:47:27 2018,3,12,0,0,0,8,2928,30113,2383.5
8083,Thu Nov 08 13:48:08 2018,3,12,0,0,0,10,6622,34709,3036.5
8083,Thu Nov 08 13:48:42 2018,3,12,0,0,0,8,4868,28983,2411.0
8063,Fri Nov 02 15:38:45 2018,1,12,0,0,0,11,2919,31114,2274.5
8063,Fri Nov 02 15:39:11 2018,1,12,0,0,0,5,2145,24162,1920.0
8063,Fri Nov 02 15:39:46 2018,1,12,1,0,1,9,1736,33138,2511.0
8063,Fri Nov 02 15:40:17 2018,2,12,0,0,0,4,1867,21851,1756.5
8063,Fri Nov 02 15:40:49 2018,2,12,1,0,0,8,1696,29588,2552.0
8063,Fri Nov 02 15:41:10 2018,2,12,0,0,0,4,1366,20292,1709.5
8063,Fri Nov 02 15:41:39 2018,3,12,0,0,0,4,1608,25145,1834.5
8063,Fri Nov 02 15:42:07 2018,3,12,0,0,0,5,1504,25999,1830.5
8063,Fri Nov 02 15:42:36 2018,3,12,0,0,0,7,1550,28194,2257.5
8128,Wed Nov 28 12:10:40 2018,1,12,0,0,0,12,2855,39119,2932.5
8128,Wed Nov 28 12:11:23 2018,1,12,1,1,1,12,2348,40320,3196.5
8128,Wed Nov 28 12:11:59 2018,1,12,1,1,1,12,1558,34958,2594.0
8128,Wed Nov 28 12:12:52 2018,2,12,0,0,0,10,3360,37444,2835.0
8128,Wed Nov 28 12:13:27 2018,2,12,0,0,0,9,1678,33825,2339.0
8128,Wed Nov 28 12:14:07 2018,2,12,1,1,1,10,4069,35521,2571.0
8128,Wed Nov 28 12:14:57 2018,3,12,0,0,0,10,3216,43250,3856.0
8128,Wed Nov 28 12:15:33 2018,3,12,0,0,0,10,1913,34341,2503.0
8128,Wed Nov 28 12:16:13 2018,3,12,0,0,0,12,1234,38588,2941.5
8088,Mon Nov 12 09:25:32 2018,1,12,0,0,0,1,2730,18568,1499.0
8088,Mon Nov 12 09:25:56 2018,1,12,0,0,0,1,5194,18578,1482.0
8088,Mon Nov 12 09:26:21 2018,1,12,0,0,0,5,3128,21665,1723.5
8088,Mon Nov 12 09:26:48 2018,2,12,0,0,0,4,2225,20627,1622.5
8088,Mon Nov 12 09:27:12 2018,2,12,0,0,0,4,2366,20876,1676.5
8088,Mon Nov 12 09:27:36 2018,2,12,0,0,0,0,7696,16700,1390.5
8088,Mon Nov 12 09:28:01 2018,3,12,0,0,0,1,4919,17740,1420.5
8088,Mon Nov 12 09:28:29 2018,3,12,1,0NA,0,4,3420,24128,1845.5
8088,Mon Nov 12 09:28:52 2018,3,12,0,0,0,2,4144,19112,1482.5
8174,Fri Mar 01 10:09:51 2019,1,12,0,0,0,4,3753,24083,1949.0
8174,Fri Mar 01 10:10:17 2019,1,12,0,0,0,5,3791,22625,1776.0
8174,Fri Mar 01 10:10:44 2019,1,12,0,0,0,4,2491,23786,1841.5
8174,Fri Mar 01 10:11:15 2019,2,12,0,0,0,3,2976,22564,1774.0
8174,Fri Mar 01 10:11:39 2019,2,12,0,0,0,3,3878,19500,1350.0
8174,Fri Mar 01 10:12:01 2019,2,12,1,0,1,3,3272,18804,1234.5
8174,Fri Mar 01 10:12:40 2019,3,12,2,0NANA,2,9,2025,32856,2264.0
8174,Fri Mar 01 10:13:04 2019,3,12,0,0,0,4,1552,22794,1700.0
8174,Fri Mar 01 10:13:28 2019,3,12,1,1,1,3,1661,21875,1848.0
8118,Mon Nov 26 13:45:49 2018,1,12,0,0,0,11,3955,36487,2521.5
8118,Mon Nov 26 13:46:22 2018,1,12,0,0,0,8,2330,30746,2415.5
8118,Mon Nov 26 13:46:49 2018,1,12,0,0,0,3,4408,22407,1675.0
8118,Mon Nov 26 13:47:27 2018,2,12,0,0,0,4,2854,22676,1844.0
8118,Mon Nov 26 13:47:54 2018,2,12,0,0,0,3,2272,25572,1648.0
8118,Mon Nov 26 13:48:24 2018,2,12,0,0,0,6,1696,27747,1957.0
8118,Mon Nov 26 13:49:11 2018,3,12,0,0,0,8,11456,31618,2284.5
8118,Mon Nov 26 13:49:44 2018,3,12,0,0,0,7,3973,28571,2128.0
8118,Mon Nov 26 13:50:17 2018,3,12,0,0,0,7,2758,30769,2067.5
95,Mon Dec 03 10:52:56 2018,1,12,0,0,0,3,2057,22290,1730.0
95,Mon Dec 03 10:53:24 2018,1,12,0,0,0,7,3178,25147,2020.5
95,Mon Dec 03 10:53:52 2018,1,12,0,0,0,7,2064,25683,2049.0
95,Mon Dec 03 10:54:40 2018,2,12,0,0,0,9,1656,38804,2724.5
95,Mon Dec 03 10:55:05 2018,2,12,0,0,0,4,2247,23252,1439.0
95,Mon Dec 03 10:55:31 2018,2,12,0,0,0,3,4224,21123,1521.0
95,Mon Dec 03 10:56:05 2018,3,12,0,0,0,7,4055,25169,2092.5
95,Mon Dec 03 10:56:34 2018,3,12,0,0,0,8,2607,26290,2144.0
95,Mon Dec 03 10:56:59 2018,3,12,0,0,0,6,1400,23849,1947.0
8122,Tue Nov 27 13:56:10 2018,1,12,0,0,0,5,4746,24689,1877.5
8122,Tue Nov 27 13:56:45 2018,1,12,0,0,0,6,12432,22908,1986.5
8122,Tue Nov 27 13:57:15 2018,1,12,0,0,0,4,8503,20946,1411.5
8122,Tue Nov 27 13:58:02 2018,2,12,0,0,0,4,11842,22364,1628.0
8122,Tue Nov 27 13:58:23 2018,2,12,0,0,0,2,2520,18540,1216.0
8122,Tue Nov 27 13:58:50 2018,2,12,0,0,0,4,2040,24972,1861.5
8122,Tue Nov 27 13:59:22 2018,3,12,0,0,0,8,2353,26264,2148.5
8122,Tue Nov 27 13:59:52 2018,3,12,0,0,0,4,5472,24872,1883.5
8122,Tue Nov 27 14:00:23 2018,3,12,0,0,0,4,5321,25753,1853.0
8086,Fri Nov 09 15:59:45 2018,1,12,0,0,0,2,2192,19947,1561.0
8086,Fri Nov 09 16:00:04 2018,1,12,0,0,0,1,1817,17395,1375.0
8086,Fri Nov 09 16:00:32 2018,1,12,0,0,0,4,1377,26600,1855.0
8086,Fri Nov 09 16:01:00 2018,2,12,2,0NA0,2,4,3874,22132,1861.0
8086,Fri Nov 09 16:01:21 2018,2,12,0,0,0,3,1831,19404,1495.5
8086,Fri Nov 09 16:01:46 2018,2,12,3,3,3,4,1560,23459,1797.0
8086,Fri Nov 09 16:02:10 2018,3,12,0,0,0,3,1616,20345,1600.0
8086,Fri Nov 09 16:02:34 2018,3,12,0,0,0,4,1727,22060,1887.0
8086,Fri Nov 09 16:02:59 2018,3,12,0,0,0,6,1549,23201,1959.5
9,Tue Oct 09 14:33:09 2018,1,12,0,0,0,1,4402,19842,1632.0
9,Tue Oct 09 14:33:32 2018,1,12,0,0,0,4,1336,22011,1672.0
9,Tue Oct 09 14:33:57 2018,1,12,1,0NA,1,4,1272,23033,1467.0
9,Tue Oct 09 14:34:29 2018,2,12,0,0,0,4,3057,23082,1858.0
9,Tue Oct 09 14:34:49 2018,2,12,0,0,0,3,2055,18412,1207.0
9,Tue Oct 09 14:35:11 2018,2,12,0,0,0,3,1656,20531,1440.0
9,Tue Oct 09 14:35:40 2018,3,12,0,0,0,4,1129,24489,1666.0
9,Tue Oct 09 14:36:07 2018,3,12,0,0,0,2,1317,26050,1698.5
9,Tue Oct 09 14:36:36 2018,3,12,1,0,1,5,1295,27825,1952.0
8049,Mon Oct 29 15:51:18 2018,1,12,0,0,0,2,2897,21346,1826.5
8049,Mon Oct 29 15:51:48 2018,1,12,1,0,0,8,1640,27572,2132.0
8049,Mon Oct 29 15:52:12 2018,1,12,0,0,0,4,1648,22856,1803.5
8049,Mon Oct 29 15:52:43 2018,2,12,0,0,0,3,3580,19892,1581.5
8049,Mon Oct 29 15:53:01 2018,2,12,0,0,0,2,2191,16676,1204.5
8049,Mon Oct 29 15:53:22 2018,2,12,0,0,0,2,2375,17932,1325.0
8049,Mon Oct 29 15:53:56 2018,3,12,2,0,0,7,1520,28473,2130.0
8049,Mon Oct 29 15:54:24 2018,3,12,1,0NA,1,6,1464,26376,1943.0
8049,Mon Oct 29 15:54:56 2018,3,12,0,0,0,6,3040,29064,1987.0
8018,Thu Oct 18 11:30:49 2018,1,12,0,0,0,6,3281,25489,2118.0
8018,Thu Oct 18 11:31:16 2018,1,12,0,0,0,4,2834,24153,1639.5
8018,Thu Oct 18 11:31:45 2018,1,12,0,0,0,5,1891,27210,1674.0
8018,Thu Oct 18 11:32:17 2018,2,12,0,0,0,5,1473,22779,1834.5
8018,Thu Oct 18 11:32:42 2018,2,12,0,0,0,4,2272,22571,1478.0
8018,Thu Oct 18 11:33:07 2018,2,12,0,0,0,2,2416,22788,1390.0
8018,Thu Oct 18 11:33:41 2018,3,12,0,0,0,6,3409,26408,1997.0
8018,Thu Oct 18 11:34:08 2018,3,12,0,0,0,5,1888,25278,1752.0
8018,Thu Oct 18 11:34:31 2018,3,12,0,0,0,2,3713,18968,1558.5
8108,Thu Nov 15 13:53:57 2018,1,12,0,0,0,10,3266,29697,2320.5
8108,Thu Nov 15 13:54:26 2018,1,12,0,0,0,3,2746,26008,1881.0
8108,Thu Nov 15 13:54:56 2018,1,12,0,0,0,9,1985,27763,2265.0
8108,Thu Nov 15 13:55:36 2018,2,12,0,0,0,8,2195,29580,2597.0
8108,Thu Nov 15 13:56:12 2018,2,12,2,0NA1,2,9,1414,34204,2245.0
8108,Thu Nov 15 13:56:58 2018,2,12,1,0,1,9,1366,45076,2874.5
8108,Thu Nov 15 13:57:30 2018,3,12,0,0,0,7,2560,26748,2113.5
8108,Thu Nov 15 13:57:58 2018,3,12,0,0,0,7,1964,26380,2184.0
8108,Thu Nov 15 13:58:27 2018,3,12,0,0,0,9,1252,27613,2350.5
8023,Mon Oct 22 08:07:43 2018,1,12,1,1,1,1,4058,19281,1481.0
8023,Mon Oct 22 08:08:11 2018,1,12,0,0,0,4,4441,23833,1545.5
8023,Mon Oct 22 08:08:35 2018,1,12,0,0,0,2,2440,21555,1732.5
8023,Mon Oct 22 08:09:16 2018,2,12,1,0NA,1,4,2581,23052,1510.0
8023,Mon Oct 22 08:09:38 2018,2,12,0,0,0,4,2815,19020,1199.0
8023,Mon Oct 22 08:09:58 2018,2,12,0,0,0,2,1854,18788,1319.5
8023,Mon Oct 22 08:10:29 2018,3,12,0,0,0,5,2712,25490,1976.5
8023,Mon Oct 22 08:10:55 2018,3,12,0,0,0,5,2094,23907,1855.0
8023,Mon Oct 22 08:11:25 2018,3,12,0,0,0,7,1390,28193,2326.5
8040,Wed Oct 24 13:33:20 2018,1,12,0,0,0,6,3093,27281,1949.5
8040,Wed Oct 24 13:33:50 2018,1,12,0,0,0,8,2446,27330,2276.5
8040,Wed Oct 24 13:34:15 2018,1,12,0,0,0,4,1948,23186,1810.5
8040,Wed Oct 24 13:34:53 2018,2,12,0,0,0,9,1889,32788,2282.0
8040,Wed Oct 24 13:35:22 2018,2,12,0,0,0,5,1434,27948,1856.0
8040,Wed Oct 24 13:35:49 2018,2,12,0,0,0,8,1291,25467,2181.0
8040,Wed Oct 24 13:36:23 2018,3,12,0,0,0,7,1321,28464,2328.5
8040,Wed Oct 24 13:36:52 2018,3,12,0,0,0,6,3916,24939,1966.0
8040,Wed Oct 24 13:37:20 2018,3,12,0,0,0,7,1305,26687,2072.5
8032,Tue Oct 23 11:29:47 2018,1,12,0,0,0,7,2034,24816,2077.0
8032,Tue Oct 23 11:30:16 2018,1,12,0,0,0,6,3995,24592,1986.0
8032,Tue Oct 23 11:30:38 2018,1,12,0,0,0,4,2355,20473,1530.5
8032,Tue Oct 23 11:31:11 2018,2,12,0,0,0,4,1617,22685,1731.0
8032,Tue Oct 23 11:31:35 2018,2,12,0,0,0,7,1334,22708,2121.0
8032,Tue Oct 23 11:31:58 2018,2,12,0,0,0,4,1094,21869,1787.0
8032,Tue Oct 23 11:32:30 2018,3,12,0,0,0,6,2048,25898,1992.5
8032,Tue Oct 23 11:32:58 2018,3,12,0,0,0,3,3470,24739,1758.5
8032,Tue Oct 23 11:33:24 2018,3,12,0,0,0,4,1842,24089,1721.0
8053,Tue Oct 30 15:39:38 2018,1,12,1,0,0,10,3981,58158,4452.0
8053,Tue Oct 30 15:40:43 2018,1,12,0,0,0,12,3301,61755,4760.0
8053,Tue Oct 30 15:41:20 2018,1,12,0,0,0,10,2423,34769,3032.5
8053,Tue Oct 30 15:42:05 2018,2,12,0,0,0,8,2784,34652,2573.5
8053,Tue Oct 30 15:42:37 2018,2,12,0,0,0,8,2360,29077,2426.0
8053,Tue Oct 30 15:43:34 2018,2,12,1,0,1,10,1840,54684,3706.5
8053,Tue Oct 30 15:44:27 2018,3,12,0,0,0,10,3618,46764,2795.0
8053,Tue Oct 30 15:44:58 2018,3,12,0,0,0,8,2501,29120,2263.5
8053,Tue Oct 30 15:45:44 2018,3,12,0,0,0,10,1865,43892,3617.0
8093,Mon Nov 12 13:35:24 2018,1,12,3,0,3,4,2997,23705,1856.5
8093,Mon Nov 12 13:35:47 2018,1,12,0,0,0,3,3510,20131,1454.0
8093,Mon Nov 12 13:36:09 2018,1,12,0,0,0,4,1427,19874,1688.0
8093,Mon Nov 12 13:36:43 2018,2,12,0,0,0,4,1580,24572,1711.5
8093,Mon Nov 12 13:37:07 2018,2,12,2,0,0,6,1427,23212,1816.5
8093,Mon Nov 12 13:37:32 2018,2,12,0,0,0,6,1515,23284,1980.5
8093,Mon Nov 12 13:38:04 2018,3,12,0,0,0,7,1090,27272,2149.0
8093,Mon Nov 12 13:38:33 2018,3,12,0,0,0,7,1899,26722,2164.0
8093,Mon Nov 12 13:38:57 2018,3,12,0,0,0,3,1385,22947,1680.5
8153,Wed Dec 05 10:50:27 2018,1,12,0,0,0,11,2821,32540,2672.5
8153,Wed Dec 05 10:51:12 2018,1,12,0,0,0,11,3820,41898,3471.5
8153,Wed Dec 05 10:52:01 2018,1,12,2,2,2,11,9565,38913,2863.0
8153,Wed Dec 05 10:52:56 2018,2,12,0,0,0,4,2380,25187,1790.5
8153,Wed Dec 05 10:53:30 2018,2,12,1,1,1,6,3970,29150,2082.5
8153,Wed Dec 05 10:54:00 2018,2,12,0,0,0,6,2337,27596,2004.0
8153,Wed Dec 05 10:54:41 2018,3,12,0,0,0,9,4417,34066,2539.5
8153,Wed Dec 05 10:55:16 2018,3,12,0,0,0,9,5114,30064,2232.0
8153,Wed Dec 05 10:55:57 2018,3,12,4,0,3,11,3964,37578,2717.5
8136,Fri Nov 30 10:03:51 2018,1,12,0,0,0,6,4601,26536,2059.0
8136,Fri Nov 30 10:04:19 2018,1,12,0,0,0,5,3138,24616,1799.5
8136,Fri Nov 30 10:04:44 2018,1,12,0,0,0,4,2938,21615,1762.5
8136,Fri Nov 30 10:05:16 2018,2,12,0,0,0,4,3971,21580,1498.0
8136,Fri Nov 30 10:05:44 2018,2,12,0,0,0,4,5366,23292,1735.5
8136,Fri Nov 30 10:06:20 2018,2,12,0,0,0,5,9480,26643,1936.0
8136,Fri Nov 30 10:06:48 2018,3,12,0,0,0,3,3960,20754,1601.0
8136,Fri Nov 30 10:07:23 2018,3,12,1,0,0,6,4165,30872,1904.5
8136,Fri Nov 30 10:08:00 2018,3,12,0,0,0,8,2983,33960,2285.0
4,Wed Oct 10 14:12:28 2018,1,12,0,0,0,2,5545,20732,1849.0
4,Wed Oct 10 14:12:49 2018,1,12,0,0,0,4,1792,19135,1895.0
4,Wed Oct 10 14:13:11 2018,1,12,0,0,0,3,1338,20260,1629.0
4,Wed Oct 10 14:13:36 2018,2,12,0,0,0,3,1272,19900,1540.5
4,Wed Oct 10 14:14:01 2018,2,12,1,0,1,5,1519,24131,1616.0
4,Wed Oct 10 14:14:27 2018,2,12,0,0,0,4,1334,24660,1770.5
4,Wed Oct 10 14:14:57 2018,3,12,0,0,0,5,991,26011,1931.0
4,Wed Oct 10 14:15:21 2018,3,12,0,0,0,4,1292,22898,1774.5
4,Wed Oct 10 14:15:51 2018,3,12,0,0,0,3,6379,23794,1811.5
8151,Wed Dec 05 08:40:51 2018,1,12,0,0,0,3,3089,19296,1409.0
8151,Wed Dec 05 08:41:23 2018,1,12,3,0,3,5,1898,30666,1809.0
8151,Wed Dec 05 08:41:39 2018,1,12,0,0,0,0,1697,13977,1042.5
8151,Wed Dec 05 08:42:05 2018,2,12,2,0,2,2,1751,16444,1120.0
8151,Wed Dec 05 08:42:27 2018,2,12,0,0,0,4,2503,18868,1163.0
8151,Wed Dec 05 08:42:43 2018,2,12,0,0,0,0,1807,13876,1050.0
8151,Wed Dec 05 08:43:08 2018,3,12,0,0,0,2,1295,20804,1588.5
8151,Wed Dec 05 08:43:31 2018,3,12,0,0,0,3,1333,22148,1865.0
8151,Wed Dec 05 08:43:53 2018,3,12,0,0,0,1,1998,20042,1687.0
8012,Tue Oct 16 14:09:02 2018,1,12,0,0,0,8,2730,26144,2311.5
8012,Tue Oct 16 14:09:29 2018,1,12,0,0,0,8,1467,25815,2055.0
8012,Tue Oct 16 14:09:55 2018,1,12,0,0,0,4,2170,23882,1692.5
8012,Tue Oct 16 14:10:26 2018,2,12,1,0,0,6,2263,24636,1915.5
8012,Tue Oct 16 14:10:55 2018,2,12,0,0,0,7,1408,27571,2178.0
8012,Tue Oct 16 14:11:26 2018,2,12,0,0,0,6,1432,29332,2000.5
8012,Tue Oct 16 14:11:56 2018,3,12,0,0,0,5,3306,24465,1943.5
8012,Tue Oct 16 14:12:24 2018,3,12,0,0,0,7,1758,26135,2062.0
8012,Tue Oct 16 14:12:58 2018,3,12,2,0,2,7,1569,32607,2250.5
8028,Mon Oct 22 12:06:00 2018,1,12,1,1,1,5,3354,25616,1961.0
8028,Mon Oct 22 12:06:30 2018,1,12,0,0,0,6,3634,25892,2027.0
8028,Mon Oct 22 12:06:53 2018,1,12,0,0,0,3,1777,21209,1635.0
8028,Mon Oct 22 12:07:19 2018,2,12,0,0,0,4,2495,19655,1677.0
8028,Mon Oct 22 12:07:48 2018,2,12,0,0,0,6,1509,27781,2258.5
8028,Mon Oct 22 12:08:16 2018,2,12,0,0,0,5,2313,25896,1786.5
8028,Mon Oct 22 12:08:49 2018,3,12,2,2,2,8,2106,28204,2077.5
8028,Mon Oct 22 12:09:21 2018,3,12,0,0,0,9,1448,30523,2211.0
8028,Mon Oct 22 12:09:50 2018,3,12,1,1,1,6,1398,26729,1995.0
8009,Mon Oct 15 12:05:28 2018,1,12,0,0,0,8,4455,29320,2267.5
8009,Mon Oct 15 12:05:54 2018,1,12,0,0,0,3,3518,22617,1712.0
8009,Mon Oct 15 12:06:32 2018,1,12,0,0,0,12,2271,35474,2606.5
8009,Mon Oct 15 12:07:03 2018,2,12,0,0,0,6,1083,22300,1977.0
8009,Mon Oct 15 12:07:23 2018,2,12,0,0,0,3,1603,18468,1379.5
8009,Mon Oct 15 12:07:53 2018,2,12,0,0,0,6,2972,26275,2008.0
8009,Mon Oct 15 12:08:27 2018,3,12,0,0,0,6,3050,28218,1985.0
8009,Mon Oct 15 12:08:58 2018,3,12,0,0,0,7,1474,29370,2120.5
8009,Mon Oct 15 12:09:31 2018,3,12,0,0,0,7,1403,32001,2056.5
8102,Wed Nov 14 09:56:37 2018,1,12,1,0,1,2,2697,25400,1676.5
8102,Wed Nov 14 09:57:02 2018,1,12,0,0,0,3,3570,21458,1764.5
8102,Wed Nov 14 09:57:35 2018,1,12,0,0,0,8,2473,30233,2240.5
8102,Wed Nov 14 09:58:13 2018,2,12,0,0,0,5,4492,23916,1879.5
8102,Wed Nov 14 09:58:44 2018,2,12,1,0,1,6,2838,27316,1949.0
8102,Wed Nov 14 09:59:14 2018,2,12,0,0,0,6,2391,28124,2000.0
8102,Wed Nov 14 09:59:52 2018,3,12,0,0,0,7,2918,31897,2296.5
8102,Wed Nov 14 10:00:21 2018,3,12,0,0,0,7,2032,26919,2212.5
8102,Wed Nov 14 10:00:57 2018,3,12,1,0,1,9,2295,33891,2367.0
8110,Fri Nov 16 10:46:04 2018,1,12,0,0,0,5,3273,23704,1926.5
8110,Fri Nov 16 10:46:35 2018,1,12,0,0,0,8,2585,29132,2291.5
8110,Fri Nov 16 10:47:00 2018,1,12,0,0,0,4,2150,22115,1806.5
8110,Fri Nov 16 10:47:28 2018,2,12,0,0,0,3,2309,21108,1668.0
8110,Fri Nov 16 10:47:53 2018,2,12,0,0,0,4,2006,22212,1729.0
8110,Fri Nov 16 10:48:19 2018,2,12,0,0,0,5,2287,24093,1974.0
8110,Fri Nov 16 10:48:46 2018,3,12,0,0,0,3,1553,23195,1852.0
8110,Fri Nov 16 10:49:15 2018,3,12,0,0,0,5,2052,26659,1955.5
8110,Fri Nov 16 10:49:43 2018,3,12,0,0,0,6,1470,27129,1978.0
8047,Mon Oct 29 13:42:47 2018,1,12,0,0,0,7,2982,26998,2061.5
8047,Mon Oct 29 13:43:18 2018,1,12,0,0,0,9,1575,29242,2209.0
8047,Mon Oct 29 13:43:45 2018,1,12,0,0,0,6,1290,26242,1970.0
8047,Mon Oct 29 13:44:22 2018,2,12,0,0,0,5,2236,26555,1841.0
8047,Mon Oct 29 13:44:57 2018,2,12,1,1,1,9,1012,33226,2849.0
8047,Mon Oct 29 13:45:23 2018,2,12,0,0,0,3,1490,24350,1744.0
8047,Mon Oct 29 13:45:53 2018,3,12,0,0,0,5,1575,25333,1930.0
8047,Mon Oct 29 13:46:23 2018,3,12,1,0,1,6,2087,28154,2014.0
8047,Mon Oct 29 13:46:58 2018,3,12,0,0,0,8,1303,32814,2133.5
8013,Tue Oct 16 13:37:44 2018,1,12,0,0,0,5,2274,25106,1966.5
8013,Tue Oct 16 13:38:14 2018,1,12,0,0,0,9,1551,28010,2505.0
8013,Tue Oct 16 13:38:43 2018,1,12,0,0,0,7,4553,25216,2203.0
8013,Tue Oct 16 13:39:20 2018,2,12,0,0,0,2,2495,19124,1577.5
8013,Tue Oct 16 13:39:43 2018,2,12,0,0,0,4,2671,19956,1493.0
8013,Tue Oct 16 13:40:07 2018,2,12,1,0,1,5,2102,22435,1510.5
8013,Tue Oct 16 13:40:43 2018,3,12,0,0,0,8,2049,30826,2388.0
8013,Tue Oct 16 13:41:10 2018,3,12,0,0,0,8,1237,25729,2088.0
8013,Tue Oct 16 13:41:47 2018,3,12,3,2,3,5,1607,34743,1870.5
8033,Tue Oct 23 14:37:10 2018,1,12,0,0,0,5,2338,24563,1931.0
8033,Tue Oct 23 14:37:41 2018,1,12,0,0,0,5,2481,29137,1970.0
8033,Tue Oct 23 14:38:14 2018,1,12,0,0,0,7,1449,30642,2060.5
8033,Tue Oct 23 14:39:06 2018,2,12,0,0,0,6,2743,27747,2139.5
8033,Tue Oct 23 14:39:59 2018,2,12,2,0,2,10,2264,50443,3809.0
8033,Tue Oct 23 14:40:27 2018,2,12,0,0,0,5,3191,24268,1753.5
8033,Tue Oct 23 14:41:04 2018,3,12,0,0,0,8,1271,32242,2615.5
8033,Tue Oct 23 14:41:37 2018,3,12,0,0,0,8,1711,31809,2084.5
8033,Tue Oct 23 14:42:11 2018,3,12,0,0,0,9,1600,32657,2423.5
8111,Fri Nov 16 10:07:29 2018,1,12,1,1,1,5,4258,23585,1876.0
8111,Fri Nov 16 10:08:05 2018,1,12,3,3,3,6,9409,27083,2179.0
8111,Fri Nov 16 10:08:31 2018,1,12,0,0,0,4,2312,23615,1797.0
8111,Fri Nov 16 10:09:07 2018,2,12,0,0,0,3,4660,25130,1803.0
8111,Fri Nov 16 10:09:32 2018,2,12,0,0,0,2,4167,20316,1726.0
8111,Fri Nov 16 10:09:58 2018,2,12,0,0,0,5,1895,24468,1896.5
8111,Fri Nov 16 10:10:33 2018,3,12,0,0,0,5,4112,26737,1915.5
8111,Fri Nov 16 10:11:00 2018,3,12,1,1,1,6,2025,24563,1938.0
8111,Fri Nov 16 10:11:30 2018,3,12,0,0,0,5,2701,27786,1926.5
8007,Mon Oct 15 08:08:38 2018,1,12,1,1,1,6,2937,24888,1885.0
8007,Mon Oct 15 08:09:18 2018,1,12,0,0,0,9,2451,37382,2729.0
8007,Mon Oct 15 08:10:01 2018,1,12,0,0,0,9,1668,41282,3045.0
8007,Mon Oct 15 08:10:43 2018,2,12,0,0,0,7,3844,28564,2351.0
8007,Mon Oct 15 08:11:14 2018,2,12,0,0,0,7,3206,27020,2113.5
8007,Mon Oct 15 08:11:38 2018,2,12,0,0,0,3,4208,20475,1646.5
8007,Mon Oct 15 08:12:15 2018,3,12,0,0,0,8,3265,28544,2306.5
8007,Mon Oct 15 08:12:52 2018,3,12,0,0,0,9,1382,35810,2304.5
8007,Mon Oct 15 08:13:36 2018,3,12,0,0,0,8,2973,40859,2916.0
8015,Wed Oct 17 12:48:04 2018,1,12,0,0,0,5,2967,24857,1836.0
8015,Wed Oct 17 12:48:31 2018,1,12,0,0,0,5,2239,24176,1931.0
8015,Wed Oct 17 12:49:02 2018,1,12,1,0,0,7,2111,29350,2251.0
8015,Wed Oct 17 12:49:38 2018,2,12,0,0,0,4,2306,23907,1886.0
8015,Wed Oct 17 12:50:02 2018,2,12,0,0,0,3,1956,22236,1445.5
8015,Wed Oct 17 12:50:26 2018,2,12,0,0,0,4,3467,20515,1744.5
8015,Wed Oct 17 12:50:59 2018,3,12,1,0,0,5,1794,26614,1755.0
8015,Wed Oct 17 12:51:28 2018,3,12,0,0,0,6,1573,27316,1874.0
8015,Wed Oct 17 12:51:53 2018,3,12,0,0,0,3,1697,23015,1881.0
8181,Wed Mar 06 13:27:57 2019,1,12,0,0,0,6,2310,25383,2040.0
8181,Wed Mar 06 13:28:24 2019,1,12,2,0,0,5,1894,26012,1929.0
8181,Wed Mar 06 13:28:55 2019,1,12,0,0,0,8,2293,28353,2108.5
8181,Wed Mar 06 13:29:29 2019,2,12,1,0,1,6,1307,25804,2001.5
8181,Wed Mar 06 13:30:04 2019,2,12,0,0,0,7,1714,33124,2421.0
8181,Wed Mar 06 13:30:36 2019,2,12,0,0,0,9,2067,29435,2285.0
8181,Wed Mar 06 13:31:08 2019,3,12,0,0,0,9,1339,30099,2512.0
8181,Wed Mar 06 13:31:50 2019,3,12,3,1,1,8,8113,33906,2402.0
8181,Wed Mar 06 13:32:33 2019,3,12,1,0,1,8,6212,36176,2648.5
8014,Wed Oct 17 11:14:57 2018,1,12,0,0,0,9,3100,29507,2314.5
8014,Wed Oct 17 11:15:26 2018,1,12,0,0,0,7,2393,26108,2103.5
8014,Wed Oct 17 11:15:59 2018,1,12,0,0,0,11,3178,29948,2166.0
8014,Wed Oct 17 11:16:41 2018,2,12,0,0,0,8,2056,28502,2094.5
8014,Wed Oct 17 11:17:09 2018,2,12,0,0,0,7,1539,25994,2217.0
8014,Wed Oct 17 11:17:34 2018,2,12,0,0,0,6,3167,21949,1970.0
8014,Wed Oct 17 11:18:12 2018,3,12,0,0,0,10,1682,32864,2544.5
8014,Wed Oct 17 11:18:42 2018,3,12,0,0,0,9,3213,26784,2225.5
8014,Wed Oct 17 11:19:15 2018,3,12,0,0,0,10,2379,30162,2453.0
8159,Wed Feb 13 14:37:08 2019,1,12,0,0,0,7,1909,25952,2208.0
8159,Wed Feb 13 14:37:37 2019,1,12,0,0,0,8,1256,27288,2049.5
8159,Wed Feb 13 14:38:00 2019,1,12,0,0,0,5,1406,21705,1697.5
8159,Wed Feb 13 14:38:31 2019,2,12,0,0,0,4,948,23634,1784.0
8159,Wed Feb 13 14:38:53 2019,2,12,1,0NA,1,3,1908,19812,1261.5
8159,Wed Feb 13 14:39:14 2019,2,12,0,0,0,3,1291,20012,1423.5
8159,Wed Feb 13 14:39:51 2019,3,12,3,0,3,7,1744,33434,2351.0
8159,Wed Feb 13 14:40:22 2019,3,12,0,0,0,8,2329,28370,2174.0
8159,Wed Feb 13 14:40:52 2019,3,12,0,0,0,8,1243,28171,2426.5
8182,Wed Mar 06 15:11:33 2019,1,12,0,0,0,7,2693,27379,2315.0
8182,Wed Mar 06 15:11:52 2019,1,12,0,0,0,2,1454,17498,1266.5
8182,Wed Mar 06 15:12:17 2019,1,12,0,0,0,5,1668,23216,1939.5
8182,Wed Mar 06 15:12:51 2019,2,12,3,0,3,5,2140,27211,1962.0
8182,Wed Mar 06 15:13:20 2019,2,12,0,0,0,7,1635,27348,2097.5
8182,Wed Mar 06 15:13:47 2019,2,12,0,0,0,6,1283,26131,2148.5
8182,Wed Mar 06 15:14:20 2019,3,12,0,0,0,7,4475,27647,2113.0
8182,Wed Mar 06 15:14:51 2019,3,12,2,0,2,5,1236,29113,1884.0
8182,Wed Mar 06 15:15:20 2019,3,12,0,0,0,5,1644,27400,1680.0
8137,Fri Nov 30 09:05:20 2018,1,12,0,0,0,7,2331,26616,2090.0
8137,Fri Nov 30 09:05:58 2018,1,12,1,1,1,10,1411,35898,3242.5
8137,Fri Nov 30 09:06:40 2018,1,12,5,5,5,8,2513,39544,2771.0
8137,Fri Nov 30 09:07:15 2018,2,12,0,0,0,3,857,25324,1767.5
8137,Fri Nov 30 09:07:38 2018,2,12,0,0,0,3,1647,20652,1331.5
8137,Fri Nov 30 09:08:09 2018,2,12,0,0,0,8,1776,29363,2384.5
8137,Fri Nov 30 09:08:42 2018,3,12,1,1,1,10,1792,29975,2207.5
8137,Fri Nov 30 09:09:23 2018,3,12,5,5,5,8,2113,38489,2784.0
8137,Fri Nov 30 09:10:23 2018,3,12,0,0,0,10,1672,58728,3048.5
8072,Tue Nov 06 12:18:29 2018,1,12,0,0,0,3,2080,22706,1747.5
8072,Tue Nov 06 12:18:59 2018,1,12,0,0,0,6,2650,27128,1977.0
8072,Tue Nov 06 12:19:31 2018,1,12,0,0,0,9,1608,30369,2353.0
8072,Tue Nov 06 12:20:15 2018,2,12,6,0NANANANANANA,6,7,1667,34883,2206.0
8072,Tue Nov 06 12:20:41 2018,2,12,0,0,0,4,2343,23573,1848.0
8072,Tue Nov 06 12:21:11 2018,2,12,0,0,0,6,1839,27892,2144.0
8072,Tue Nov 06 12:21:54 2018,3,12,0,0,0,8,2264,37463,2383.5
8072,Tue Nov 06 12:22:36 2018,3,12,0,0,0,7,1677,39805,2530.0
8072,Tue Nov 06 12:23:06 2018,3,12,0,0,0,5,1378,29195,1888.0
8059,Thu Nov 01 14:15:10 2018,1,12,0,0,0,7,2553,27849,2309.0
8059,Thu Nov 01 14:15:36 2018,1,12,0,0,0,4,1393,24004,1853.0
8059,Thu Nov 01 14:15:58 2018,1,12,0,0,0,3,1416,20619,1677.0
8059,Thu Nov 01 14:16:25 2018,2,12,0,0,0,1,3734,18356,1332.0
8059,Thu Nov 01 14:16:51 2018,2,12,0,0,0,3,2055,24052,1533.0
8059,Thu Nov 01 14:17:18 2018,2,12,3,0,3,5,1455,24795,1844.0
8059,Thu Nov 01 14:17:46 2018,3,12,0,0,0,5,1753,24652,1939.0
8059,Thu Nov 01 14:18:16 2018,3,12,1,0,0,9,1548,28051,2488.0
8059,Thu Nov 01 14:18:47 2018,3,12,0,0,0,6,4339,26799,1983.5
8116,Fri Nov 16 16:18:33 2018,1,12,0,0,0,7,3487,26648,2053.5
8116,Fri Nov 16 16:19:02 2018,1,12,0,0,0,6,3194,26355,2032.0
8116,Fri Nov 16 16:19:34 2018,1,12,0,0,0,9,1808,29602,2395.0
8116,Fri Nov 16 16:20:11 2018,2,12,0,0,0,8,4078,25739,2228.5
8116,Fri Nov 16 16:20:44 2018,2,12,1,0,1,8,2911,30059,2168.5
8116,Fri Nov 16 16:21:10 2018,2,12,0,0,0,4,3816,22306,1666.5
8116,Fri Nov 16 16:21:46 2018,3,12,0,0,0,7,2710,29801,2173.0
8116,Fri Nov 16 16:22:19 2018,3,12,0,0,0,9,2661,30608,2327.5
8116,Fri Nov 16 16:22:50 2018,3,12,0,0,0,7,1983,28547,2017.0
8052,Tue Oct 30 16:12:24 2018,1,12,0,0,0,5,3068,32098,1939.0
8052,Tue Oct 30 16:12:50 2018,1,12,0,0,0,3,1691,23570,1781.0
8052,Tue Oct 30 16:13:18 2018,1,12,1,0NA,1,5,1611,26131,1897.5
8052,Tue Oct 30 16:14:08 2018,2,12,2,1,1,8,1643,42156,2618.0
8052,Tue Oct 30 16:14:44 2018,2,12,2,1,1,7,1448,33956,2247.5
8052,Tue Oct 30 16:15:14 2018,2,12,0,0,0,6,1440,28228,2133.5
8052,Tue Oct 30 16:15:50 2018,3,12,0,0,0,6,2098,30147,2006.5
8052,Tue Oct 30 16:16:18 2018,3,12,0,0,0,8,1199,27205,2298.0
8052,Tue Oct 30 16:16:54 2018,3,12,0,0,0,5,1134,34209,1672.5
8046,Mon Oct 29 12:37:18 2018,1,12,0,0,0,2,4463,21519,1686.0
8046,Mon Oct 29 12:37:41 2018,1,12,0,0,0,2,2374,21089,1707.0
8046,Mon Oct 29 12:38:06 2018,1,12,0,0,0,6,1943,23156,1911.0
8046,Mon Oct 29 12:38:46 2018,2,12,0,0,0,6,3884,26388,2044.0
8046,Mon Oct 29 12:39:16 2018,2,12,2,1,2,4,1891,27771,1771.5
8046,Mon Oct 29 12:39:39 2018,2,12,0,0,0,2,1770,21436,1707.5
8046,Mon Oct 29 12:40:13 2018,3,12,0,0,0,7,1865,30724,2330.5
8046,Mon Oct 29 12:40:37 2018,3,12,0,0,0,4,1376,22458,1581.5
8046,Mon Oct 29 12:41:01 2018,3,12,0,0,0,4,1489,22617,1779.0
8074,Tue Nov 06 13:59:09 2018,1,12,1,0,0,7,3361,27050,2123.5
8074,Tue Nov 06 13:59:41 2018,1,12,0,0,0,7,2872,29072,2200.0
8074,Tue Nov 06 14:00:04 2018,1,12,0,0,0,2,3171,19408,1540.5
8074,Tue Nov 06 14:00:35 2018,2,12,0,0,0,3,2132,21580,1427.0
8074,Tue Nov 06 14:00:57 2018,2,12,0,0,0,3,1928,20243,1739.0
8074,Tue Nov 06 14:01:26 2018,2,12,2,0,2,7,1592,26909,2094.5
8074,Tue Nov 06 14:01:54 2018,3,12,0,0,0,7,2600,23410,2059.0
8074,Tue Nov 06 14:02:16 2018,3,12,0,0,0,1,2868,18473,1488.0
8074,Tue Nov 06 14:02:40 2018,3,12,0,0,0,5,2287,21475,1713.0
8115,Fri Nov 16 13:59:28 2018,1,12,0,0,0,2,3529,22746,1742.0
8115,Fri Nov 16 13:59:55 2018,1,12,0,0,0,7,2377,24944,2043.5
8115,Fri Nov 16 14:00:23 2018,1,12,0,0,0,6,2746,25207,2014.0
8115,Fri Nov 16 14:00:57 2018,2,12,0,0,0,8,2307,24484,2078.0
8115,Fri Nov 16 14:01:25 2018,2,12,0,0,0,8,1751,26050,2184.0
8115,Fri Nov 16 14:01:55 2018,2,12,0,0,0,7,1519,28700,2058.5
8115,Fri Nov 16 14:02:27 2018,3,12,0,0,0,6,1960,26985,1986.0
8115,Fri Nov 16 14:02:52 2018,3,12,0,0,0,4,1525,23079,1792.0
8115,Fri Nov 16 14:03:19 2018,3,12,0,0,0,6,1617,25304,1965.0
8067,Mon Nov 05 11:16:10 2018,1,12,0,0,0,9,2871,32506,2541.0
8067,Mon Nov 05 11:16:45 2018,1,12,0,0,0,9,1980,32681,2395.5
8067,Mon Nov 05 11:17:17 2018,1,12,1,0NA,1,8,1997,30008,2233.5
8067,Mon Nov 05 11:17:59 2018,2,12,0,0,0,7,1827,30996,2231.0
8067,Mon Nov 05 11:18:32 2018,2,12,0,0,0,7,1786,31564,2167.0
8067,Mon Nov 05 11:18:58 2018,2,12,0,0,0,6,1347,24867,1988.0
8067,Mon Nov 05 11:19:27 2018,3,12,0,0,0,6,2193,24090,1985.5
8067,Mon Nov 05 11:19:54 2018,3,12,1,0,0,8,1187,26336,2250.0
8067,Mon Nov 05 11:20:25 2018,3,12,1,0,1,8,1620,28593,2166.0
8121,Tue Nov 27 11:31:34 2018,1,12,0,0,0,4,2025,22384,1918.0
8121,Tue Nov 27 11:32:01 2018,1,12,0,0,0,6,2218,24482,1970.0
8121,Tue Nov 27 11:32:30 2018,1,12,0,0,0,5,1178,27990,1967.5
8121,Tue Nov 27 11:33:10 2018,2,12,1,0,1,7,1682,31843,2057.5
8121,Tue Nov 27 11:33:41 2018,2,12,0,0,0,5,2064,28843,1964.0
8121,Tue Nov 27 11:34:08 2018,2,12,0,0,0,3,2583,24316,1885.5
8121,Tue Nov 27 11:34:42 2018,3,12,2,1,2,6,1352,30240,2044.0
8121,Tue Nov 27 11:35:12 2018,3,12,0,0,0,8,1240,28656,2395.5
8121,Tue Nov 27 11:35:38 2018,3,12,1,1,1,6,1446,24956,1978.0
8070,Mon Nov 05 13:43:01 2018,1,12,0,0,0,2,2509,18313,1357.0
8070,Mon Nov 05 13:43:25 2018,1,12,0,0,0,4,1494,22978,1671.5
8070,Mon Nov 05 13:43:51 2018,1,12,0,0,0,4,3070,23112,1836.0
8070,Mon Nov 05 13:44:24 2018,2,12,0,0,0,3,1299,23148,1618.0
8070,Mon Nov 05 13:44:47 2018,2,12,0,0,0,4,1339,21658,1946.5
8070,Mon Nov 05 13:45:11 2018,2,12,0,0,0,6,1547,21988,2024.5
8070,Mon Nov 05 13:45:42 2018,3,12,0,0,0,6,1898,25715,2088.5
8070,Mon Nov 05 13:46:07 2018,3,12,0,0,0,6,2377,22779,1829.0
8070,Mon Nov 05 13:46:34 2018,3,12,0,0,0,3,1713,24896,1758.0
8104,Wed Nov 14 12:43:06 2018,1,12,0,0,0,5,5933,24729,1853.0
8104,Wed Nov 14 12:43:35 2018,1,12,0,0,0,8,2120,27312,2110.0
8104,Wed Nov 14 12:44:01 2018,1,12,0,0,0,5,2030,23419,1898.0
8104,Wed Nov 14 12:44:34 2018,2,12,0,0,0,4,3275,20396,1740.0
8104,Wed Nov 14 12:45:00 2018,2,12,0,0,0,5,4770,21477,1657.5
8104,Wed Nov 14 12:45:21 2018,2,12,0,0,0,2,1315,19324,1527.0
8104,Wed Nov 14 12:45:53 2018,3,12,0,0,0,7,1690,26923,2214.5
8104,Wed Nov 14 12:46:17 2018,3,12,0,0,0,5,1244,23338,1773.0
8104,Wed Nov 14 12:46:39 2018,3,12,0,0,0,4,1130,20881,1605.5
8035,Tue Oct 23 16:16:36 2018,1,12,1,1,1,5,6338,26009,1832.5
8035,Tue Oct 23 16:17:04 2018,1,12,0,0,0,7,2938,25260,2178.0
8035,Tue Oct 23 16:17:40 2018,1,12,0,0,0,9,2247,33354,2597.0
8035,Tue Oct 23 16:18:13 2018,2,12,1,0NA,1,3,2332,23772,1571.0
8035,Tue Oct 23 16:18:36 2018,2,12,0,0,0,4,2192,20668,1479.5
8035,Tue Oct 23 16:18:56 2018,2,12,0,0,0,2,2157,18324,1411.5
8035,Tue Oct 23 16:19:26 2018,3,12,0,0,0,5,2721,25242,1668.0
8035,Tue Oct 23 16:19:51 2018,3,12,0,0,0,6,1846,22370,1943.0
8035,Tue Oct 23 16:20:16 2018,3,12,0,0,0,5,1847,23560,1748.5
8155,Wed Dec 05 12:05:44 2018,1,12,0,0,0,12,2166,35098,2371.0
8155,Wed Dec 05 12:06:16 2018,1,12,0,0,0,9,6485,26338,2147.5
8155,Wed Dec 05 12:06:44 2018,1,12,0,0,0,5,1285,26226,1918.0
8155,Wed Dec 05 12:07:34 2018,2,12,1,0,1,11,2434,43203,3090.5
8155,Wed Dec 05 12:08:05 2018,2,12,0,0,0,6,2100,28044,2031.0
8155,Wed Dec 05 12:08:37 2018,2,12,2,0,1,7,1220,31235,2049.5
8155,Wed Dec 05 12:09:24 2018,3,12,1,0,1,7,3969,35020,2493.0
8155,Wed Dec 05 12:09:52 2018,3,12,0,0,0,7,1288,26956,2010.0
8155,Wed Dec 05 12:10:24 2018,3,12,0,0,0,8,1450,30419,2518.0
8006,Mon Oct 15 08:58:43 2018,1,12,0,0,0,7,5513,25855,2142.0
8006,Mon Oct 15 08:59:11 2018,1,12,0,0,0,6,2212,25408,1944.5
8006,Mon Oct 15 08:59:45 2018,1,12,2,0,0,11,2163,32040,2645.0
8006,Mon Oct 15 09:00:15 2018,2,12,0,0,0,4,1608,21507,1694.5
8006,Mon Oct 15 09:00:45 2018,2,12,0,0,0,7,2607,27307,2156.0
8006,Mon Oct 15 09:01:17 2018,2,12,1,0,0,10,1495,29980,2268.5
8006,Mon Oct 15 09:01:57 2018,3,12,1,1,1,8,2385,35472,2282.0
8006,Mon Oct 15 09:02:32 2018,3,12,0,0,0,9,2305,31811,2379.5
8006,Mon Oct 15 09:03:14 2018,3,12,0,0,0,8,10317,31991,2672.0
8084,Fri Nov 09 14:43:06 2018,1,12,0,0,0,7,14713,41017,2187.0
8084,Fri Nov 09 14:43:45 2018,1,12,0,0,0,11,2433,36679,2460.0
8084,Fri Nov 09 14:45:09 2018,1,12,4,3,3,12,2251,81235,3853.0
8084,Fri Nov 09 14:45:57 2018,2,12,0,0,0,9,2263,29851,2540.5
8084,Fri Nov 09 14:47:03 2018,2,12,0,0,0,12,3087,63212,4185.5
8084,Fri Nov 09 14:47:38 2018,2,12,0,0,0,7,1311,33908,2863.0
8084,Fri Nov 09 14:48:44 2018,3,12,2,0NANA,2,9,4529,57994,2833.0
8084,Fri Nov 09 14:49:55 2018,3,12,0,0,0,11,1957,69250,4659.5
8084,Fri Nov 09 14:50:45 2018,3,12,0,0,0,9,1877,47947,2748.5
8026,Mon Oct 22 10:48:49 2018,1,12,0,0,0,3,4527,22378,1753.0
8026,Mon Oct 22 10:49:11 2018,1,12,0,0,0,1,2942,18688,1312.0
8026,Mon Oct 22 10:49:37 2018,1,12,0,0,0,4,2911,23707,1640.5
8026,Mon Oct 22 10:50:03 2018,2,12,0,0,0,1,1427,17644,1500.0
8026,Mon Oct 22 10:50:25 2018,2,12,0,0,0,3,3515,18243,1488.5
8026,Mon Oct 22 10:50:56 2018,2,12,1,0,1,5,1556,28796,1832.0
8026,Mon Oct 22 10:51:26 2018,3,12,0,0,0,6,1867,26235,2000.0
8026,Mon Oct 22 10:51:57 2018,3,12,0,0,0,6,1576,29602,1946.5
8026,Mon Oct 22 10:52:29 2018,3,12,0,0,0,7,1210,30903,2859.5
8139,Fri Nov 30 11:15:51 2018,1,12,0,0,0,8,8641,29458,2276.5
8139,Fri Nov 30 11:16:23 2018,1,12,1,0,1,9,2577,29385,2244.0
8139,Fri Nov 30 11:16:59 2018,1,12,1,0NA,1,7,4184,30890,2356.0
8139,Fri Nov 30 11:17:31 2018,2,12,0,0,0,8,1213,28412,2280.5
8139,Fri Nov 30 11:18:03 2018,2,12,0,0,0,7,1191,31012,2143.5
8139,Fri Nov 30 11:18:34 2018,2,12,0,0,0,8,2367,27868,2119.5
8139,Fri Nov 30 11:19:06 2018,3,12,0,0,0,6,2374,26083,2019.5
8139,Fri Nov 30 11:19:40 2018,3,12,0,0,0,8,2132,31631,2305.0
8139,Fri Nov 30 11:20:10 2018,3,12,0,0,0,6,2281,28113,2018.0
50,Mon Nov 05 08:35:37 2018,1,12,0,0,0,3,1922,22435,1702.0
50,Mon Nov 05 08:36:05 2018,1,12,0,0,0,7,2583,26001,2113.0
50,Mon Nov 05 08:36:37 2018,1,12,0,0,0,4,5257,26226,1925.5
50,Mon Nov 05 08:37:05 2018,2,12,0,0,0,2,1822,20188,1542.5
50,Mon Nov 05 08:37:31 2018,2,12,0,0,0,7,1678,24475,2117.0
50,Mon Nov 05 08:37:55 2018,2,12,0,0,0,3,2503,21124,1659.5
50,Mon Nov 05 08:38:24 2018,3,12,0,0,0,6,2424,24607,1827.0
50,Mon Nov 05 08:38:55 2018,3,12,0,0,0,6,2088,28706,2021.0
50,Mon Nov 05 08:39:28 2018,3,12,0,0,0,6,1910,31224,2000.0
44,Wed Oct 31 09:18:22 2018,1,12,0,0,0,5,2705,24875,1962.5
44,Wed Oct 31 09:18:43 2018,1,12,0,0,0,1,2649,18346,1649.5
44,Wed Oct 31 09:19:07 2018,1,12,0,0,0,3,3879,19300,1396.5
44,Wed Oct 31 09:19:36 2018,2,12,0,0,0,2,1861,19259,1654.5
44,Wed Oct 31 09:20:00 2018,2,12,0,0,0,2,2799,21605,1582.5
44,Wed Oct 31 09:20:23 2018,2,12,0,0,0,4,1768,21194,1656.5
44,Wed Oct 31 09:20:53 2018,3,12,0,0,0,7,1250,26106,2162.5
44,Wed Oct 31 09:21:19 2018,3,12,0,0,0,6,2142,23866,1900.0
44,Wed Oct 31 09:21:42 2018,3,12,0,0,0,3,2286,20961,1597.0
8135,Thu Nov 29 13:21:11 2018,1,12,0,0,0,8,3753,26368,2314.5
8135,Thu Nov 29 13:21:49 2018,1,12,0,0,0,8,2891,34616,2311.0
8135,Thu Nov 29 13:22:22 2018,1,12,0,0,0,6,2524,30439,2099.5
8135,Thu Nov 29 13:22:53 2018,2,12,0,0,0,4,2166,20340,1476.5
8135,Thu Nov 29 13:23:20 2018,2,12,0,0,0,3,2080,25324,1519.5
8135,Thu Nov 29 13:23:43 2018,2,12,0,0,0,3,1463,21204,1725.5
8135,Thu Nov 29 13:24:21 2018,3,12,1,0NA,0,6,1737,31090,2020.5
8135,Thu Nov 29 13:24:53 2018,3,12,0,0,0,7,1836,30738,2261.5
8135,Thu Nov 29 13:25:28 2018,3,12,0,0,0,8,1437,32962,2352.0
8154,Wed Dec 05 12:52:36 2018,1,12,0,0,0,5,2422,24715,1950.5
8154,Wed Dec 05 12:53:00 2018,1,12,0,0,0,3,1709,22041,1697.0
8154,Wed Dec 05 12:53:26 2018,1,12,0,0,0,4,1084,24867,1751.5
8154,Wed Dec 05 12:53:58 2018,2,12,0,0,0,3,2299,23292,1706.5
8154,Wed Dec 05 12:54:26 2018,2,12,0,0,0,5,2764,24796,1864.0
8154,Wed Dec 05 12:54:49 2018,2,12,0,0,0,4,938,22292,1760.5
8154,Wed Dec 05 12:55:12 2018,3,12,0,0,0,2,1154,19873,1665.0
8154,Wed Dec 05 12:55:38 2018,3,12,0,0,0,4,977,24801,1859.5
8154,Wed Dec 05 12:56:03 2018,3,12,0,0,0,5,835,23777,1810.5
8141,Fri Nov 30 13:52:31 2018,1,12,0,0,0,4,2689,23345,1754.5
8141,Fri Nov 30 13:53:07 2018,1,12,0,0,0,9,3050,33419,2715.5
8141,Fri Nov 30 13:53:37 2018,1,12,1,0,0,6,1928,27794,2111.5
8141,Fri Nov 30 13:54:23 2018,2,12,2,1,1,7,2821,30315,2137.0
8141,Fri Nov 30 13:54:48 2018,2,12,1,1,1,3,1591,23771,1670.5
8141,Fri Nov 30 13:55:15 2018,2,12,3,2,2,5,1439,25740,1724.0
8141,Fri Nov 30 13:55:49 2018,3,12,10,9,9,8,2511,28115,2171.0
8141,Fri Nov 30 13:56:16 2018,3,12,0,0,0,6,1861,25706,1949.0
8141,Fri Nov 30 13:56:40 2018,3,12,0,0,0,3,1549,22092,1565.5
8112,Fri Nov 16 12:41:44 2018,1,12,0,0,0,5,3746,24985,1945.0
8112,Fri Nov 16 12:42:13 2018,1,12,0,0,0,8,2082,26379,2233.5
8112,Fri Nov 16 12:42:39 2018,1,12,0,0,0,6,2024,23755,1948.5
8112,Fri Nov 16 12:43:10 2018,2,12,0,0,0,3,2138,20372,1721.0
8112,Fri Nov 16 12:43:36 2018,2,12,0,0,0,5,2023,23747,1853.5
8112,Fri Nov 16 12:44:01 2018,2,12,0,0,0,4,1224,23940,1828.5
8112,Fri Nov 16 12:44:31 2018,3,12,0,0,0,4,2136,24106,1761.5
8112,Fri Nov 16 12:44:59 2018,3,12,0,0,0,7,1366,26811,2161.5
8112,Fri Nov 16 12:45:27 2018,3,12,0,0,0,5,1701,25775,1947.5
8120,Tue Nov 27 11:55:08 2018,1,12,0,0,0,12,3626,37025,2798.0
8120,Tue Nov 27 11:55:42 2018,1,12,0,0,0,10,4559,29843,2625.5
8120,Tue Nov 27 11:56:22 2018,1,12,0,0,0,10,2191,36953,2480.0
8120,Tue Nov 27 11:57:14 2018,2,12,0,0,0,11,2110,35324,2808.0
8120,Tue Nov 27 11:57:54 2018,2,12,0,0,0,11,1759,38714,2671.0
8120,Tue Nov 27 11:58:29 2018,2,12,0,0,0,11,2631,32508,2505.0
8120,Tue Nov 27 11:59:18 2018,3,12,0,0,0,10,2615,31172,2456.5
8120,Tue Nov 27 11:59:52 2018,3,12,0,0,0,11,1700,32387,2670.5
8120,Tue Nov 27 12:00:24 2018,3,12,0,0,0,8,2220,29274,2300.5
8098,Tue Nov 13 13:50:37 2018,1,12,0,0,0,1,3401,19746,1676.5
8098,Tue Nov 13 13:51:01 2018,1,12,0,0,0,3,2153,22128,1650.0
8098,Tue Nov 13 13:51:20 2018,1,12,0,0,0,1,1691,17570,1544.0
8098,Tue Nov 13 13:51:51 2018,2,12,0,0,0,4,3019,20628,1656.5
8098,Tue Nov 13 13:52:14 2018,2,12,0,0,0,2,2375,20324,1582.0
8098,Tue Nov 13 13:52:37 2018,2,12,1,0,1,4,1584,21668,1302.0
8098,Tue Nov 13 13:53:16 2018,3,12,2,0,2,9,3496,33217,2738.0
8098,Tue Nov 13 13:53:37 2018,3,12,0,0,0,3,1432,19824,1472.0
8098,Tue Nov 13 13:54:00 2018,3,12,0,0,0,1,2904,20008,1626.0
8011,Mon Oct 15 14:11:30 2018,1,12,0,0,0,4,3023,23352,1832.5
8011,Mon Oct 15 14:11:55 2018,1,12,0,0,0,4,1758,23332,1812.5
8011,Mon Oct 15 14:12:19 2018,1,12,0,0,0,5,1763,22136,1549.5
8011,Mon Oct 15 14:12:51 2018,2,12,0,0,0,7,1539,23476,2224.5
8011,Mon Oct 15 14:13:13 2018,2,12,0,0,0,4,1771,20052,987.5
8011,Mon Oct 15 14:13:36 2018,2,12,0,0,0,4,1738,21372,1689.0
8011,Mon Oct 15 14:14:12 2018,3,12,2,0NA0,2,9,1873,31993,2212.0
8011,Mon Oct 15 14:14:40 2018,3,12,0,0,0,6,2251,26339,2010.0
8011,Mon Oct 15 14:15:07 2018,3,12,0,0,0,5,1616,24667,1763.0
8167,Mon Feb 25 13:47:57 2019,1,12,1,0,1,3,1534,22515,1684.0
8167,Mon Feb 25 13:48:20 2019,1,12,0,0,0,3,3805,19207,1337.0
8167,Mon Feb 25 13:48:37 2019,1,12,0,0,0,1,1917,15219,1242.5
8167,Mon Feb 25 13:49:10 2019,2,12,0,0,0,2,1940,19724,1429.5
8167,Mon Feb 25 13:49:32 2019,2,12,0,0,0,2,2410,18740,1442.0
8167,Mon Feb 25 13:49:56 2019,2,12,1,0,0,3,3876,20900,1565.5
8167,Mon Feb 25 13:50:24 2019,3,12,0,0,0,4,2417,21208,1643.5
8167,Mon Feb 25 13:50:49 2019,3,12,0,0,0,3,2403,22515,1684.5
8167,Mon Feb 25 13:51:14 2019,3,12,0,0,0,3,1635,22987,1550.0
8140,Fri Nov 30 14:25:44 2018,1,12,0,0,0,4,6258,22539,1883.5
8140,Fri Nov 30 14:26:08 2018,1,12,0,0,0,1,4257,18912,1489.5
8140,Fri Nov 30 14:26:31 2018,1,12,1,1,1,2,3203,20560,1582.5
8140,Fri Nov 30 14:27:04 2018,2,12,2,0NANA,2,2,1605,23220,1736.0
8140,Fri Nov 30 14:27:26 2018,2,12,0,0,0,2,4167,18132,1529.0
8140,Fri Nov 30 14:27:46 2018,2,12,0,0,0,2,2031,17836,1348.5
8140,Fri Nov 30 14:28:14 2018,3,12,1,0,0,4,1320,23952,1826.5
8140,Fri Nov 30 14:28:36 2018,3,12,0,0,0,0,2079,20284,1732.5
8140,Fri Nov 30 14:29:02 2018,3,12,0,0,0,3,3501,22650,1571.5
8062,Fri Nov 02 16:08:51 2018,1,12,1,0,1,4,2154,24776,1752.0
8062,Fri Nov 02 16:09:21 2018,1,12,0,0,0,6,1851,27960,2089.0
8062,Fri Nov 02 16:09:55 2018,1,12,0,0,0,8,1713,32690,2742.5
8062,Fri Nov 02 16:10:30 2018,2,12,0,0,0,4,2427,22947,1866.0
8062,Fri Nov 02 16:10:56 2018,2,12,0,0,0,4,2135,23821,1675.5
8062,Fri Nov 02 16:11:19 2018,2,12,0,0,0,2,2072,21155,1804.5
8062,Fri Nov 02 16:11:51 2018,3,12,0,0,0,8,3010,26072,2029.5
8062,Fri Nov 02 16:12:21 2018,3,12,0,0,0,9,2529,27810,2344.5
8062,Fri Nov 02 16:12:55 2018,3,12,0,0,0,7,1646,31760,2375.5
84,Wed Nov 28 08:12:23 2018,1,12,0,0,0,4,3753,22642,1882.5
84,Wed Nov 28 08:12:46 2018,1,12,0,0,0,3,4138,19028,1526.0
84,Wed Nov 28 08:13:08 2018,1,12,0,0,0,3,2624,19120,1587.0
84,Wed Nov 28 08:13:38 2018,2,12,0,0,0,1,1962,16828,1316.5
84,Wed Nov 28 08:14:04 2018,2,12,0,0,0,5,2567,23323,1578.5
84,Wed Nov 28 08:14:27 2018,2,12,0,0,0,5,3311,19828,1416.5
84,Wed Nov 28 08:15:00 2018,3,12,0,0,0,7,2944,28064,2236.5
84,Wed Nov 28 08:15:26 2018,3,12,0,0,0,5,3008,23219,1876.0
84,Wed Nov 28 08:15:52 2018,3,12,0,0,0,5,3045,22499,1833.0
8107,Thu Nov 15 11:58:15 2018,1,12,0,0,0,5,1851,25683,1979.5
8107,Thu Nov 15 11:58:42 2018,1,12,0,0,0,6,1431,25360,2034.5
8107,Thu Nov 15 11:59:08 2018,1,12,0,0,0,4,1602,23815,1769.0
8107,Thu Nov 15 11:59:42 2018,2,12,0,0,0,8,2489,27804,2096.5
8107,Thu Nov 15 12:00:11 2018,2,12,0,0,0,7,2871,26156,2148.0
8107,Thu Nov 15 12:01:03 2018,2,12,10,3,3,8,1463,50155,2208.5
8107,Thu Nov 15 12:01:32 2018,3,12,0,0,0,6,2808,23920,1968.5
8107,Thu Nov 15 12:02:05 2018,3,12,2,1,2,6,2392,29876,2293.5
8107,Thu Nov 15 12:02:37 2018,3,12,0,0,0,7,1958,30682,2324.5
8045,Mon Oct 29 14:03:26 2018,1,12,0,0,0,5,3366,25627,1836.5
8045,Mon Oct 29 14:03:59 2018,1,12,1,0NA,1,6,2340,30506,1978.0
8045,Mon Oct 29 14:04:24 2018,1,12,0,0,0,4,1606,23023,1789.5
8045,Mon Oct 29 14:04:56 2018,2,12,0,0,0,5,2152,21530,1775.0
8045,Mon Oct 29 14:05:23 2018,2,12,0,0,0,4,4402,22616,1474.5
8045,Mon Oct 29 14:05:48 2018,2,12,0,0,0,4,2875,22162,1687.5
8045,Mon Oct 29 14:06:20 2018,3,12,0,0,0,5,1622,23797,1902.0
8045,Mon Oct 29 14:06:42 2018,3,12,0,0,0,5,2398,20236,1954.5
8045,Mon Oct 29 14:07:06 2018,3,12,0,0,0,5,2844,20792,1751.0
8099,Tue Nov 13 13:27:01 2018,1,12,1,0,0,8,5986,35546,2304.0
8099,Tue Nov 13 13:27:33 2018,1,12,0,0,0,7,2609,29120,2147.5
8099,Tue Nov 13 13:28:02 2018,1,12,2,1,1,9,1650,27428,2161.0
8099,Tue Nov 13 13:28:43 2018,2,12,0,0,0,9,1950,34165,3028.5
8099,Tue Nov 13 13:29:09 2018,2,12,0,0,0,7,1167,24812,2005.5
8099,Tue Nov 13 13:29:35 2018,2,12,0,0,0,5,1111,24755,1984.0
8099,Tue Nov 13 13:30:10 2018,3,12,1,0,0,8,1639,29897,2474.0
8099,Tue Nov 13 13:30:40 2018,3,12,0,0,0,6,1080,28656,2036.0
8099,Tue Nov 13 13:31:05 2018,3,12,0,0,0,4,1777,23896,1779.5
8105,Wed Nov 14 14:00:09 2018,1,12,0,0,0,8,2174,30058,2571.5
8105,Wed Nov 14 14:00:42 2018,1,12,1,0,0,7,1533,32057,2053.0
8105,Wed Nov 14 14:01:18 2018,1,12,2,1,1,9,1198,35066,2245.0
8105,Wed Nov 14 14:01:56 2018,2,12,1,1,1,8,1780,33635,2841.0
8105,Wed Nov 14 14:02:27 2018,2,12,0,0,0,9,1275,28931,2348.0
8105,Wed Nov 14 14:03:10 2018,2,12,10,9,10,11,1803,41708,2960.5
8105,Wed Nov 14 14:03:46 2018,3,12,4,4,4,10,873,33530,2694.0
8105,Wed Nov 14 14:04:24 2018,3,12,6,6,6,8,1409,36226,2468.5
8105,Wed Nov 14 14:05:00 2018,3,12,0,0,0,10,1187,35175,2517.0
8172,Wed Feb 27 15:00:35 2019,1,12,0,0,0,7,5336,26806,2149.0
8172,Wed Feb 27 15:01:04 2019,1,12,0,0,0,6,2648,26623,1990.0
8172,Wed Feb 27 15:01:31 2019,1,12,0,0,0,5,3588,23092,1846.5
8172,Wed Feb 27 15:02:14 2019,2,12,0,0,0,6,2019,28418,2023.0
8172,Wed Feb 27 15:02:50 2019,2,12,0,0,0,7,1440,34523,2192.5
8172,Wed Feb 27 15:03:11 2019,2,12,0,0,0,3,1216,19772,1624.5
8172,Wed Feb 27 15:03:42 2019,3,12,0,0,0,4,1640,26104,1723.5
8172,Wed Feb 27 15:04:04 2019,3,12,0,0,0,3,1745,20274,1722.0
8172,Wed Feb 27 15:04:29 2019,3,12,0,0,0,5,2347,22969,1572.0
8022,Mon Oct 22 08:55:11 2018,1,12,1,1,1,6,2298,26328,2001.0
8022,Mon Oct 22 08:55:38 2018,1,12,0,0,0,5,2409,24515,1834.0
8022,Mon Oct 22 08:56:13 2018,1,12,0,0,0,9,1568,33450,2409.5
8022,Mon Oct 22 08:56:54 2018,2,12,0,0,0,7,1787,30908,2515.0
8022,Mon Oct 22 08:57:20 2018,2,12,0,0,0,4,2446,23108,1714.0
8022,Mon Oct 22 08:57:44 2018,2,12,0,0,0,4,1758,22300,1842.5
8022,Mon Oct 22 08:58:12 2018,3,12,0,0,0,6,1680,23354,1954.0
8022,Mon Oct 22 08:58:43 2018,3,12,2,2,2,4,1724,29129,1808.5
8022,Mon Oct 22 08:59:24 2018,3,12,2,2,2,8,2145,39090,2536.0
8160,Mon Feb 18 13:37:03 2019,1,12,0,0,0,7,1879,27707,2175.0
8160,Mon Feb 18 13:37:27 2019,1,12,0,0,0,5,1916,22265,1800.0
8160,Mon Feb 18 13:37:50 2019,1,12,0,0,0,5,1421,21067,1658.0
8160,Mon Feb 18 13:38:18 2019,2,12,2,0,2,4,1379,23531,1795.0
8160,Mon Feb 18 13:38:46 2019,2,12,5,0,2,4,1364,27100,1584.5
8160,Mon Feb 18 13:39:11 2019,2,12,0,0,0,5,1515,23172,1872.0
8160,Mon Feb 18 13:39:52 2019,3,12,0,0,0,7,1017,37857,2530.0
8160,Mon Feb 18 13:40:25 2019,3,12,1,1,1,5,1722,30624,1896.0
8160,Mon Feb 18 13:41:09 2019,3,12,0,0,0,5,1453,42739,1720.5
8177,Fri Mar 01 15:57:40 2019,1,12,0,0,0,7,3202,25756,2096.5
8177,Fri Mar 01 15:58:16 2019,1,12,0,0,0,11,3294,32315,2535.5
8177,Fri Mar 01 15:58:57 2019,1,12,0,0,0,10,5615,35185,2866.5
8177,Fri Mar 01 15:59:38 2019,2,12,0,0,0,11,2093,32468,2584.5
8177,Fri Mar 01 16:00:12 2019,2,12,0,0,0,6,2383,31963,2147.0
8177,Fri Mar 01 16:00:58 2019,2,12,0,0,0,12,1934,43859,2853.5
8177,Fri Mar 01 16:01:44 2019,3,12,0,0,0,10,2801,40513,3156.5
8177,Fri Mar 01 16:02:14 2019,3,12,0,0,0,7,1672,28571,2146.5
8177,Fri Mar 01 16:02:58 2019,3,12,0,0,0,12,1580,42658,2721.5
8127,Wed Nov 28 12:45:21 2018,1,12,0,0,0,4,4877,26553,1860.5
8127,Wed Nov 28 12:45:49 2018,1,12,0,0,0,5,1623,26569,1949.5
8127,Wed Nov 28 12:46:19 2018,1,12,0,0,0,6,1717,28127,1962.0
8127,Wed Nov 28 12:46:54 2018,2,12,0,0,0,8,2044,26475,2205.5
8127,Wed Nov 28 12:47:22 2018,2,12,0,0,0,5,1394,26476,1784.0
8127,Wed Nov 28 12:47:52 2018,2,12,1,0,1,7,1379,28883,2460.5
8127,Wed Nov 28 12:48:18 2018,3,12,0,0,0,5,1681,21456,1682.5
8127,Wed Nov 28 12:48:42 2018,3,12,0,0,0,5,1044,22962,1507.0
8127,Wed Nov 28 12:49:07 2018,3,12,0,0,0,4,1393,23595,1622.0
8165,Wed Feb 20 14:35:52 2019,1,12,0,0,0,2,2326,21305,1667.0
8165,Wed Feb 20 14:36:19 2019,1,12,0,0,0,8,1790,25834,2156.5
8165,Wed Feb 20 14:36:42 2019,1,12,2,0,1,3,1605,21384,1533.5
8165,Wed Feb 20 14:37:14 2019,2,12,0,0,0,7,1621,23954,2121.5
8165,Wed Feb 20 14:37:37 2019,2,12,0,0,0,2,3387,19348,1614.5
8165,Wed Feb 20 14:37:56 2019,2,12,0,0,0,1,2067,16292,1289.5
8165,Wed Feb 20 14:38:25 2019,3,12,0,0,0,6,2530,25297,1993.0
8165,Wed Feb 20 14:38:52 2019,3,12,0,0,0,4,1763,24553,1925.0
8165,Wed Feb 20 14:39:16 2019,3,12,0,0,0,3,1372,23450,1902.5
87,Wed Nov 28 10:29:14 2018,1,12,0,0,0,3,3177,20592,1691.0
87,Wed Nov 28 10:29:40 2018,1,12,0,0,0,6,1874,24568,2056.0
87,Wed Nov 28 10:30:07 2018,1,12,0,0,0,4,1466,25264,1646.0
87,Wed Nov 28 10:30:43 2018,2,12,0,0,0,5,3143,25027,1755.0
87,Wed Nov 28 10:31:08 2018,2,12,0,0,0,5,2664,22556,1880.0
87,Wed Nov 28 10:31:35 2018,2,12,1,0NA,1,6,2015,24572,1899.5
87,Wed Nov 28 10:32:06 2018,3,12,0,0,0,3,4937,22995,1794.5
87,Wed Nov 28 10:32:36 2018,3,12,0,0,0,6,1836,27888,2108.0
87,Wed Nov 28 10:32:58 2018,3,12,0,0,0,2,1807,20636,1616.5
8071,Mon Nov 05 16:26:23 2018,1,12,0,0,0,11,2674,32417,2185.5
8071,Mon Nov 05 16:27:00 2018,1,12,0,0,0,9,2553,34287,2465.5
8071,Mon Nov 05 16:27:35 2018,1,12,0,0,0,9,1914,33547,2226.0
8071,Mon Nov 05 16:28:15 2018,2,12,0,0,0,5,2830,27956,1810.0
8071,Mon Nov 05 16:29:07 2018,2,12,0,0,0,9,2304,49683,3484.5
8071,Mon Nov 05 16:29:43 2018,2,12,0,0,0,9,1367,35259,2284.5
8071,Mon Nov 05 16:30:17 2018,3,12,0,0,0,7,2272,26339,2075.5
8071,Mon Nov 05 16:30:47 2018,3,12,0,0,0,8,1565,27920,2317.5
8071,Mon Nov 05 16:31:28 2018,3,12,0,0,0,7,1695,39227,2468.5
8081,Wed Nov 07 14:13:39 2018,1,12,0,0,0,1,2622,17450,1389.5
8081,Wed Nov 07 14:14:03 2018,1,12,0,0,0,5,1645,22329,1764.5
8081,Wed Nov 07 14:14:24 2018,1,12,1,0NA,1,5,1223,19602,1624.5
8081,Wed Nov 07 14:14:49 2018,2,12,0,0,0,3,1163,17604,1276.5
8081,Wed Nov 07 14:15:11 2018,2,12,0,0,0,4,2435,19412,1738.5
8081,Wed Nov 07 14:15:34 2018,2,12,0,0,0,5,1707,21420,1551.5
8081,Wed Nov 07 14:15:59 2018,3,12,0,0,0,4,1753,20800,1632.0
8081,Wed Nov 07 14:16:23 2018,3,12,0,0,0,5,883,22700,1924.0
8081,Wed Nov 07 14:16:45 2018,3,12,0,0,0,3,1361,20818,1702.5
8119,Mon Nov 26 16:14:12 2018,1,12,0,0,0,4,2702,22333,1722.0
8119,Mon Nov 26 16:14:39 2018,1,12,1,1,1,6,4953,22209,1959.0
8119,Mon Nov 26 16:15:01 2018,1,12,4,0,0,2,2102,19946,1409.5
8119,Mon Nov 26 16:15:25 2018,2,12,0,0,0,1,2105,15744,1162.0
8119,Mon Nov 26 16:15:49 2018,2,12,1,0,1,5,1844,22118,1618.0
8119,Mon Nov 26 16:16:10 2018,2,12,0,0,0,1,1367,19265,1575.0
8119,Mon Nov 26 16:16:41 2018,3,12,0,0,0,6,2595,24775,1890.5
8119,Mon Nov 26 16:17:04 2018,3,12,0,0,0,2,2374,20579,1664.5
8119,Mon Nov 26 16:17:26 2018,3,12,0,0,0,2,1936,20128,1539.0
8041,Wed Oct 24 14:02:20 2018,1,12,0,0,0,5,1966,22459,1771.5
8041,Wed Oct 24 14:02:48 2018,1,12,0,0,0,4,2301,24891,1743.5
8041,Wed Oct 24 14:03:15 2018,1,12,0,0,0,8,1364,26267,2219.5
8041,Wed Oct 24 14:03:43 2018,2,12,0,0,0,3,1473,20108,1657.0
8041,Wed Oct 24 14:04:05 2018,2,12,0,0,0,5,1211,21260,1661.5
8041,Wed Oct 24 14:04:25 2018,2,12,0,0,0,1,1267,18068,1351.0
8041,Wed Oct 24 14:04:54 2018,3,12,0,0,0,6,2338,24482,1992.5
8041,Wed Oct 24 14:05:18 2018,3,12,0,0,0,6,1271,23412,1944.0
8041,Wed Oct 24 14:05:46 2018,3,12,0,0,0,7,1208,26451,2065.0
8123,Wed Nov 28 08:57:05 2018,1,12,0,0,0,6,3994,23328,1986.5
8123,Wed Nov 28 08:57:39 2018,1,12,0,0,0,9,5922,27674,2516.0
8123,Wed Nov 28 08:58:07 2018,1,12,0,0,0,5,3002,25000,1885.0
8123,Wed Nov 28 08:58:48 2018,2,12,0,0,0,5,2380,26437,1740.0
8123,Wed Nov 28 08:59:14 2018,2,12,0,0,0,6,1527,25275,2065.5
8123,Wed Nov 28 08:59:36 2018,2,12,0,0,0,2,1783,19188,1531.5
8123,Wed Nov 28 09:00:16 2018,3,12,1,0,1,6,2074,35025,2103.0
8123,Wed Nov 28 09:00:45 2018,3,12,0,0,0,5,1710,27537,1833.0
8123,Wed Nov 28 09:01:23 2018,3,12,0,0,0,9,2430,35233,3039.5
8061,Fri Nov 02 15:09:54 2018,1,12,0,0,0,9,4570,27602,2220.0
8061,Fri Nov 02 15:10:28 2018,1,12,0,0,0,8,2279,32106,2511.0
8061,Fri Nov 02 15:11:05 2018,1,12,0,0,0,9,5334,31937,2419.5
8061,Fri Nov 02 15:11:48 2018,2,12,0,0,0,8,1777,27869,2134.0
8061,Fri Nov 02 15:12:20 2018,2,12,0,0,0,7,3079,28516,2128.5
8061,Fri Nov 02 15:12:52 2018,2,12,0,0,0,9,2407,30012,2530.5
8061,Fri Nov 02 15:13:38 2018,3,12,0,0,0,11,2528,33299,2815.0
8061,Fri Nov 02 15:14:18 2018,3,12,0,0,0,7,2917,37162,2183.5
8061,Fri Nov 02 15:14:57 2018,3,12,0,0,0,10,1445,37208,2899.0
8048,Mon Oct 29 16:21:52 2018,1,12,0,0,0,10,5130,29960,2304.5
8048,Mon Oct 29 16:22:36 2018,1,12,0,0,0,9,9595,33807,2559.5
8048,Mon Oct 29 16:23:07 2018,1,12,0,0,0,6,2409,28547,1982.0
8048,Mon Oct 29 16:24:03 2018,2,12,0,0,0,9,3019,39307,3013.5
8048,Mon Oct 29 16:24:42 2018,2,12,0,0,0,8,1927,36804,2656.0
8048,Mon Oct 29 16:25:12 2018,2,12,0,0,0,7,1831,27684,2259.0
8048,Mon Oct 29 16:25:57 2018,3,12,0,0,0,10,2320,39320,2479.5
8048,Mon Oct 29 16:26:20 2018,3,12,0,0,0,2,1623,21403,1673.0
8048,Mon Oct 29 16:26:57 2018,3,12,0,0,0,9,1973,35240,2755.5
8030,Mon Oct 22 13:30:12 2018,1,12,0,0,0,10,4719,31585,2465.5
8030,Mon Oct 22 13:30:55 2018,1,12,0,0,0,12,2085,40868,2878.5
8030,Mon Oct 22 13:31:32 2018,1,12,0,0,0,8,2356,34745,2215.0
8030,Mon Oct 22 13:32:17 2018,2,12,0,0,0,8,3323,29715,2248.0
8030,Mon Oct 22 13:33:00 2018,2,12,3,0,3,9,4620,38211,2654.5
8030,Mon Oct 22 13:33:37 2018,2,12,0,0,0,6,2195,34564,1972.5
8030,Mon Oct 22 13:34:41 2018,3,12,2,2,2,10,6601,41176,2867.5
8030,Mon Oct 22 13:35:14 2018,3,12,0,0,0,8,1141,31215,2199.5
8030,Mon Oct 22 13:35:44 2018,3,12,0,0,0,7,1404,28488,2101.0
8176,Fri Mar 01 11:51:09 2019,1,12,0,0,0,5,3738,22859,1800.0
8176,Fri Mar 01 11:51:38 2019,1,12,0,0,0,6,3399,25217,2076.0
8176,Fri Mar 01 11:52:06 2019,1,12,0,0,0,5,2531,25273,1781.5
8176,Fri Mar 01 11:52:43 2019,2,12,0,0,0,7,3023,26756,2124.5
8176,Fri Mar 01 11:53:05 2019,2,12,0,0,0,3,1687,20532,1576.5
8176,Fri Mar 01 11:53:33 2019,2,12,1,0,1,4,2383,25341,1767.0
8176,Fri Mar 01 11:54:01 2019,3,12,0,0,0,3,3001,23561,1752.5
8176,Fri Mar 01 11:54:25 2019,3,12,0,0,0,3,1993,22074,1708.0
8176,Fri Mar 01 11:55:01 2019,3,12,1,0NA,1,9,1733,33993,2395.5
8080,Wed Nov 07 12:51:21 2018,1,12,2,2,2,2,2134,26177,1751.5
8080,Wed Nov 07 12:51:41 2018,1,12,0,0,0,2,2198,18578,1427.0
8080,Wed Nov 07 12:52:05 2018,1,12,0,0,0,2,1598,22144,1756.5
8080,Wed Nov 07 12:52:35 2018,2,12,1,0,0,2,1435,19372,1598.5
8080,Wed Nov 07 12:52:59 2018,2,12,3,3,3,4,1995,22228,1721.5
8080,Wed Nov 07 12:53:22 2018,2,12,1,0,1,4,1267,21708,1757.0
8080,Wed Nov 07 12:53:50 2018,3,12,1,0,1,3,1648,23747,1633.0
8080,Wed Nov 07 12:54:24 2018,3,12,0,0,0,6,1105,32731,2016.0
8080,Wed Nov 07 12:54:51 2018,3,12,2,0NANA,2,4,3819,23144,1561.0
8089,Mon Nov 12 09:53:59 2018,1,12,0,0,0,6,3000,26273,2072.0
8089,Mon Nov 12 09:54:29 2018,1,12,0,0,0,4,4859,25378,1803.0
8089,Mon Nov 12 09:54:54 2018,1,12,0,0,0,3,2007,22195,1787.5
8089,Mon Nov 12 09:55:23 2018,2,12,0,0,0,4,2125,22182,1764.5
8089,Mon Nov 12 09:55:54 2018,2,12,1,0,0,5,3973,26260,1851.0
8089,Mon Nov 12 09:56:18 2018,2,12,0,0,0,3,2990,21460,1684.0
8089,Mon Nov 12 09:56:49 2018,3,12,0,0,0,7,1480,26209,2154.5
8089,Mon Nov 12 09:57:15 2018,3,12,0,0,0,5,1823,23921,1961.5
8089,Mon Nov 12 09:57:40 2018,3,12,0,0,0,4,1582,23475,1763.5
8029,Mon Oct 22 14:10:49 2018,1,12,0,0,0,1,2695,17855,1436.5
8029,Mon Oct 22 14:11:10 2018,1,12,0,0,0,2,2646,18909,1404.5
8029,Mon Oct 22 14:11:34 2018,1,12,1,0,1,2,1571,21824,1589.5
8029,Mon Oct 22 14:12:06 2018,2,12,1,0,0,5,2387,22276,1748.5
8029,Mon Oct 22 14:12:28 2018,2,12,0,0,0,2,1739,20604,1483.5
8029,Mon Oct 22 14:12:49 2018,2,12,0,0,0,3,2356,18412,1323.0
8029,Mon Oct 22 14:13:12 2018,3,12,0,0,0,1,1595,19323,1570.5
8029,Mon Oct 22 14:13:35 2018,3,12,0,0,0,3,1401,21208,1608.5
8029,Mon Oct 22 14:13:54 2018,3,12,1,1,1,0,1076,17784,1451.5
8016,Wed Oct 17 14:06:43 2018,1,12,0,0,0,7,2431,27400,2224.5
8016,Wed Oct 17 14:07:18 2018,1,12,0,0,0,8,2095,32951,2480.5
8016,Wed Oct 17 14:07:53 2018,1,12,0,0,0,9,1983,33056,2556.0
8016,Wed Oct 17 14:22:11 2018,2,12,0,0,0,6,405837,43986,1992.0
8016,Wed Oct 17 14:22:38 2018,2,12,0,0,0,3,3291,23404,1814.0
8016,Wed Oct 17 14:23:05 2018,2,12,0,0,0,4,2891,24186,1509.0
8016,Wed Oct 17 14:23:40 2018,3,12,0,0,0,9,2776,30081,2532.5
8016,Wed Oct 17 14:24:09 2018,3,12,1,0NA,1,4,1579,27291,1867.5
8016,Wed Oct 17 14:24:41 2018,3,12,2,0,0,9,1873,30042,2228.5
8024,Mon Oct 22 10:34:13 2018,1,12,0,0,0,4,2495,25019,1868.5
8024,Mon Oct 22 10:35:00 2018,1,12,0,0,0,8,5656,41170,2860.0
8024,Mon Oct 22 10:35:24 2018,1,12,0,0,0,2,2094,21571,1796.0
8024,Mon Oct 22 10:36:04 2018,2,12,0,0,0,7,2117,28563,2122.5
8024,Mon Oct 22 10:36:30 2018,2,12,0,0,0,4,2471,24107,1771.5
8024,Mon Oct 22 10:36:56 2018,2,12,0,0,0,5,2423,22724,1877.5
8024,Mon Oct 22 10:37:27 2018,3,12,0,0,0,6,1975,26530,2049.0
8024,Mon Oct 22 10:37:56 2018,3,12,0,0,0,7,1590,28208,2331.5
8024,Mon Oct 22 10:38:22 2018,3,12,0,0,0,4,1448,23737,1743.5
8179,Mon Mar 04 14:39:46 2019,1,12,0,0,0,6,1454,24435,2123.5
8179,Mon Mar 04 14:40:19 2019,1,12,0,0,0,7,2652,29793,2049.0
8179,Mon Mar 04 14:40:45 2019,1,12,0,0,0,5,1263,25275,1889.5
8179,Mon Mar 04 14:41:15 2019,2,12,0,0,0,4,1434,21580,1617.5
8179,Mon Mar 04 14:41:41 2019,2,12,0,0,0,5,1372,24916,1844.0
8179,Mon Mar 04 14:42:08 2019,2,12,0,0,0,7,1323,25395,2176.0
8179,Mon Mar 04 14:42:44 2019,3,12,0,0,0,8,1058,31658,2793.5
8179,Mon Mar 04 14:43:10 2019,3,12,0,0,0,5,1411,24961,1899.5
8179,Mon Mar 04 14:43:36 2019,3,12,0,0,0,8,1124,24529,2124.0
29,Tue Oct 23 15:44:08 2018,1,12,0,0,0,10,3186,32458,2643.0
29,Tue Oct 23 15:44:42 2018,1,12,0,0,0,8,2312,31105,2574.0
29,Tue Oct 23 15:45:07 2018,1,12,0,0,0,5,2101,23024,1727.5
29,Tue Oct 23 15:45:41 2018,2,12,0,0,0,4,1737,22652,1885.0
29,Tue Oct 23 15:46:08 2018,2,12,0,0,0,4,2095,24900,1680.5
29,Tue Oct 23 15:46:34 2018,2,12,0,0,0,6,2206,24324,2076.0
29,Tue Oct 23 15:47:11 2018,3,12,0,0,0,8,2024,29697,2416.5
29,Tue Oct 23 15:47:43 2018,3,12,0,0,0,10,2210,30112,2435.5
29,Tue Oct 23 15:48:10 2018,3,12,0,0,0,8,2089,25338,2191.0
8058,Thu Nov 01 12:15:51 2018,1,12,0,0,0,11,3441,31104,2574.5
8058,Thu Nov 01 12:16:28 2018,1,12,0,0,0,11,2452,34505,2914.5
8058,Thu Nov 01 12:17:08 2018,1,12,0,0,0,9,3776,36451,2555.5
8058,Thu Nov 01 12:17:57 2018,2,12,2,0,2,8,2675,36156,2475.0
8058,Thu Nov 01 12:18:35 2018,2,12,2,0,2,6,4064,33795,2000.0
8058,Thu Nov 01 12:19:11 2018,2,12,0,0,0,9,1880,34100,2734.5
8058,Thu Nov 01 12:19:50 2018,3,12,0,0,0,7,5105,29890,2123.0
8058,Thu Nov 01 12:20:21 2018,3,12,0,0,0,11,1662,29946,2264.0
8058,Thu Nov 01 12:21:02 2018,3,12,3,2,2,10,1814,38660,3010.0
8008,Mon Oct 15 09:59:50 2018,1,12,1,0,1,5,3528,27178,1820.0
8008,Mon Oct 15 10:00:34 2018,1,12,4,0NANA01,2,11,1559,41787,2974.5
8008,Mon Oct 15 10:01:00 2018,1,12,0,0,0,6,3039,23423,1909.5
8008,Mon Oct 15 10:01:35 2018,2,12,0,0,0,5,1762,23771,1711.5
8008,Mon Oct 15 10:02:01 2018,2,12,0,0,0,4,2056,23844,1394.0
8008,Mon Oct 15 10:02:29 2018,2,12,0,0,0,5,2312,25714,1756.5
8008,Mon Oct 15 10:02:59 2018,3,12,0,0,0,6,1223,25896,1987.5
8008,Mon Oct 15 10:03:32 2018,3,12,0,0,0,8,1785,31128,2887.0
8008,Mon Oct 15 10:04:00 2018,3,12,0,0,0,8,1103,26753,2161.5
8156,Wed Dec 05 14:11:51 2018,1,12,0,0,0,10,3614,33232,2533.0
8156,Wed Dec 05 14:12:19 2018,1,12,0,0,0,6,1455,26436,1880.0
8156,Wed Dec 05 14:12:48 2018,1,12,0,0,0,9,1228,27785,2339.5
8156,Wed Dec 05 14:13:24 2018,2,12,0,0,0,5,2457,27612,1847.0
8156,Wed Dec 05 14:13:53 2018,2,12,0,0,0,8,1299,27508,2320.5
8156,Wed Dec 05 14:14:24 2018,2,12,0,0,0,9,1673,29052,2520.0
8156,Wed Dec 05 14:14:57 2018,3,12,0,0,0,9,1393,29314,2399.5
8156,Wed Dec 05 14:15:26 2018,3,12,0,0,0,7,1602,27319,2019.5
8156,Wed Dec 05 14:15:53 2018,3,12,0,0,0,7,1092,25985,2387.5
8042,Thu Oct 25 12:26:30 2018,1,12,0,0,0,10,2578,34248,2593.5
8042,Thu Oct 25 12:27:03 2018,1,12,0,0,0,7,4794,28473,2041.5
8042,Thu Oct 25 12:27:32 2018,1,12,0,0,0,2,5770,22758,1789.5
8042,Thu Oct 25 12:28:18 2018,2,12,1,0,1,8,2072,33868,2326.5
8042,Thu Oct 25 12:28:49 2018,2,12,0,0,0,5,2158,28267,1897.0
8042,Thu Oct 25 12:29:30 2018,2,12,2,0,2,9,7175,34124,2475.5
8042,Thu Oct 25 12:30:04 2018,3,12,0,0,0,6,2928,27768,1955.5
8042,Thu Oct 25 12:30:37 2018,3,12,1,0,1,7,2392,31455,2989.0
8042,Thu Oct 25 12:31:14 2018,3,12,0,0,0,6,10551,26396,1937.5
8037,Wed Oct 24 08:25:23 2018,1,12,0,0,0,3,3355,21482,1797.0
8037,Wed Oct 24 08:25:49 2018,1,12,0,0,0,6,2929,23649,2008.0
8037,Wed Oct 24 08:26:10 2018,1,12,0,0,0,2,2034,18098,1326.5
8037,Wed Oct 24 08:26:42 2018,2,12,0,0,0,4,1464,23675,1577.0
8037,Wed Oct 24 08:27:05 2018,2,12,1,0,1,5,1664,21684,1788.0
8037,Wed Oct 24 08:27:31 2018,2,12,0,0,0,3,2127,24140,1615.0
8037,Wed Oct 24 08:28:00 2018,3,12,0,0,0,6,1433,24858,1983.5
8037,Wed Oct 24 08:28:28 2018,3,12,0,0,0,4,1677,25891,1655.0
8037,Wed Oct 24 08:28:52 2018,3,12,0,0,0,5,1652,22755,1919.0
8113,Fri Nov 16 11:41:32 2018,1,12,0,0,0,9,4689,29276,2403.5
8113,Fri Nov 16 11:41:59 2018,1,12,0,0,0,4,1807,25433,1821.0
8113,Fri Nov 16 11:42:25 2018,1,12,0,0,0,7,1377,24944,2089.0
8113,Fri Nov 16 11:42:59 2018,2,12,0,0,0,6,3061,23429,2105.0
8113,Fri Nov 16 11:43:19 2018,2,12,0,0,0,2,2190,17757,1382.0
8113,Fri Nov 16 11:43:45 2018,2,12,0,0,0,6,1967,24499,1816.5
8113,Fri Nov 16 11:44:16 2018,3,12,0,0,0,7,2475,26349,2152.0
8113,Fri Nov 16 11:44:44 2018,3,12,0,0,0,9,1589,26994,2198.0
8113,Fri Nov 16 11:45:13 2018,3,12,3,3,3,5,1301,27162,1960.0
8017,Thu Oct 18 12:44:53 2018,1,12,0,0,0,9,4442,36106,3129.0
8017,Thu Oct 18 12:45:35 2018,1,12,0,0,0,10,6512,35432,2844.5
8017,Thu Oct 18 12:46:12 2018,1,12,0,0,0,10,5746,30794,2419.0
8017,Thu Oct 18 12:47:18 2018,2,12,0,0,0,8,4737,29499,2381.0
8017,Thu Oct 18 12:47:54 2018,2,12,0,0,0,9,3263,32019,2315.5
8017,Thu Oct 18 12:48:40 2018,2,12,0,0,0,10,2591,44051,3396.5
8017,Thu Oct 18 12:49:25 2018,3,12,0,0,0,8,3233,34232,2463.0
8017,Thu Oct 18 12:50:01 2018,3,12,0,0,0,7,5055,31228,2107.5
8017,Thu Oct 18 12:50:34 2018,3,12,0,0,0,6,4969,27265,2106.0
8010,Mon Oct 15 13:42:25 2018,1,12,0,0,0,7,3143,27928,2137.5
8010,Mon Oct 15 13:42:59 2018,1,12,0,0,0,7,4702,28376,2214.5
8010,Mon Oct 15 13:43:28 2018,1,12,1,1,1,8,1950,27736,2271.0
8010,Mon Oct 15 13:44:14 2018,2,12,0,0,0,9,2299,34371,2789.0
8010,Mon Oct 15 13:44:47 2018,2,12,0,0,0,7,1547,31940,2348.0
8010,Mon Oct 15 13:45:22 2018,2,12,0,0,0,12,1786,32699,2693.0
8010,Mon Oct 15 13:46:08 2018,3,12,0,0,0,10,1121,40000,3212.5
8010,Mon Oct 15 13:46:37 2018,3,12,0,0,0,5,1928,27778,1971.5
8010,Mon Oct 15 13:47:10 2018,3,12,1,1,1,11,1402,31216,2283.0
8180,Mon Mar 04 15:17:01 2019,1,12,0,0,0,8,2255,28433,2292.0
8180,Mon Mar 04 15:17:27 2019,1,12,0,0,0,4,2533,23706,1859.5
8180,Mon Mar 04 15:17:52 2019,1,12,0,0,0,4,1830,22721,1861.0
8180,Mon Mar 04 15:18:23 2019,2,12,0,0,0,4,2412,21996,1629.5
8180,Mon Mar 04 15:18:49 2019,2,12,0,0,0,5,2900,23131,1912.5
8180,Mon Mar 04 15:19:10 2019,2,12,0,0,0,2,1676,19220,1469.0
8180,Mon Mar 04 15:19:41 2019,3,12,0,0,0,7,1674,28104,2320.5
8180,Mon Mar 04 15:20:05 2019,3,12,0,0,0,4,1570,22491,1882.0
8180,Mon Mar 04 15:20:32 2019,3,12,0,0,0,4,1514,24995,1721.0
8109,Thu Nov 15 13:40:23 2018,1,12,0,0,0,8,2449,26683,2073.5
8109,Thu Nov 15 13:41:03 2018,1,12,0,0,0,11,1728,38066,2578.0
8109,Thu Nov 15 13:41:33 2018,1,12,0,0,0,10,1535,28691,2200.0
8109,Thu Nov 15 13:42:12 2018,2,12,0,0,0,9,1084,32732,2826.5
8109,Thu Nov 15 13:42:39 2018,2,12,0,0,0,5,1838,24533,1955.0
8109,Thu Nov 15 13:43:08 2018,2,12,0,0,0,9,1375,27883,2317.5
8109,Thu Nov 15 13:43:46 2018,3,12,0,0,0,9,1754,32571,2272.0
8109,Thu Nov 15 13:44:17 2018,3,12,0,0,0,6,1469,29054,2168.5
8109,Thu Nov 15 13:44:45 2018,3,12,0,0,0,6,1387,26338,1964.5
8069,Mon Nov 05 14:00:35 2018,1,12,0,0,0,7,3182,25384,2150.0
8069,Mon Nov 05 14:01:07 2018,1,12,0,0,0,10,2183,29304,2313.5
8069,Mon Nov 05 14:01:33 2018,1,12,0,0,0,7,2390,24108,2061.0
8069,Mon Nov 05 14:02:22 2018,2,12,0,0,0,9,2098,34923,2495.0
8069,Mon Nov 05 14:02:50 2018,2,12,1,0,1,5,1739,26740,1857.0
8069,Mon Nov 05 14:03:19 2018,2,12,0,0,0,7,1771,27299,2139.5
8069,Mon Nov 05 14:03:57 2018,3,12,0,0,0,8,1785,29559,2474.5
8069,Mon Nov 05 14:04:28 2018,3,12,0,0,0,9,1636,29313,2357.5
8069,Mon Nov 05 14:04:56 2018,3,12,0,0,0,7,2794,24955,2072.0
8143,Fri Nov 30 15:43:13 2018,1,12,0,0,0,7,7289,28945,2095.0
8143,Fri Nov 30 15:43:57 2018,1,12,0,0,0,11,7249,37026,2976.0
8143,Fri Nov 30 15:44:42 2018,1,12,0,0,0,12,3024,41735,3017.0
8143,Fri Nov 30 15:45:55 2018,2,12,0,0,0,9,2953,32124,2308.0
8143,Fri Nov 30 15:46:32 2018,2,12,0,0,0,10,3590,32883,2307.5
8143,Fri Nov 30 15:47:09 2018,2,12,0,0,0,10,3397,33747,2635.5
8143,Fri Nov 30 15:47:50 2018,3,12,0,0,0,8,3864,32410,2327.0
8143,Fri Nov 30 15:48:24 2018,3,12,0,0,0,8,2405,31369,2167.5
8143,Fri Nov 30 15:49:03 2018,3,12,0,0,0,12,3279,35435,2660.5
8075,Tue Nov 06 13:18:28 2018,1,12,0,0,0,9,4986,26393,2041.0
8075,Tue Nov 06 13:18:56 2018,1,12,0,0,0,6,2303,25595,1990.5
8075,Tue Nov 06 13:19:28 2018,1,12,0,0,0,9,1992,30027,2374.0
8075,Tue Nov 06 13:20:11 2018,2,12,0,0,0,10,2865,31821,2251.5
8075,Tue Nov 06 13:20:43 2018,2,12,2,2,2,8,4422,28497,2181.5
8075,Tue Nov 06 13:21:14 2018,2,12,0,0,0,3,1795,28826,1805.0
8075,Tue Nov 06 13:21:41 2018,3,12,0,0,0,3,1468,22880,1842.5
8075,Tue Nov 06 13:22:12 2018,3,12,0,0,0,11,1540,29309,2408.0
8075,Tue Nov 06 13:22:42 2018,3,12,0,0,0,7,1703,27770,2140.0
8066,Mon Nov 05 09:40:49 2018,1,12,0,0,0,2,3089,20435,1668.5
8066,Mon Nov 05 09:41:20 2018,1,12,1,1,1,7,3271,28496,2226.5
8066,Mon Nov 05 09:41:49 2018,1,12,1,0,1,5,2714,25818,1912.0
8066,Mon Nov 05 09:42:21 2018,2,12,0,0,0,3,2131,19804,1548.0
8066,Mon Nov 05 09:42:52 2018,2,12,0,0,0,4,4680,25395,1652.0
8066,Mon Nov 05 09:43:14 2018,2,12,0,0,0,3,2783,19747,1300.5
8066,Mon Nov 05 09:43:46 2018,3,12,0,0,0,6,2456,25287,2036.5
8066,Mon Nov 05 09:44:23 2018,3,12,0,0,0,7,2160,35185,2596.0
8066,Mon Nov 05 09:44:53 2018,3,12,0,0,0,5,3902,26017,1935.5
8094,Mon Nov 12 16:12:05 2018,1,12,0,0,0,5,1947,25280,1974.0
8094,Mon Nov 12 16:12:44 2018,1,12,0,0,0,8,2410,36577,2664.0
8094,Mon Nov 12 16:13:21 2018,1,12,0,0,0,10,2761,34084,2423.5
8094,Mon Nov 12 16:14:00 2018,2,12,0,0,0,7,1176,27132,2110.5
8094,Mon Nov 12 16:14:36 2018,2,12,0,0,0,9,1926,34795,2752.5
8094,Mon Nov 12 16:15:14 2018,2,12,0,0,0,9,3101,34836,2728.0
8094,Mon Nov 12 16:15:55 2018,3,12,0,0,0,9,2095,33847,2561.5
8094,Mon Nov 12 16:16:36 2018,3,12,0,0,0,12,3751,36465,2867.0
8094,Mon Nov 12 16:17:08 2018,3,12,0,0,0,8,2294,29928,2160.0
21,Fri Oct 19 14:48:00 2018,1,12,1,1,1,10,4187,31225,2387.0
21,Fri Oct 19 14:48:36 2018,1,12,0,0,0,11,3169,33138,2646.0
21,Fri Oct 19 14:49:07 2018,1,12,0,0,0,5,2511,28130,1976.0
21,Fri Oct 19 14:50:01 2018,2,12,1,1,1,11,2853,41115,3349.5
21,Fri Oct 19 14:50:35 2018,2,12,0,0,0,8,3399,31107,2403.0
21,Fri Oct 19 14:51:06 2018,2,12,0,0,0,8,2157,28212,2411.5
21,Fri Oct 19 14:51:38 2018,3,12,0,0,0,6,1944,27065,2048.5
21,Fri Oct 19 14:52:08 2018,3,12,0,0,0,7,1560,27905,2293.0
21,Fri Oct 19 14:52:37 2018,3,12,0,0,0,5,1197,27569,1934.0
8178,Fri Mar 01 15:28:07 2019,1,12,0,0,0,9,2985,35377,2691.5
8178,Fri Mar 01 15:28:40 2019,1,12,0,0,0,7,2290,31228,2151.5
8178,Fri Mar 01 15:29:35 2019,1,12,1,0NA,1,11,2823,51963,3716.5
8178,Fri Mar 01 15:30:30 2019,2,12,0,0,0,9,1511,30539,2433.0
8178,Fri Mar 01 15:31:04 2019,2,12,0,0,0,8,6358,27429,2195.5
8178,Fri Mar 01 15:31:42 2019,2,12,1,0,1,10,2446,35019,2646.5
8178,Fri Mar 01 15:32:37 2019,3,12,1,0,1,9,2623,49688,2304.5
8178,Fri Mar 01 15:33:29 2019,3,12,0,0,0,10,2016,50519,4290.5
8178,Fri Mar 01 15:34:16 2019,3,12,0,0,0,9,2167,44648,3134.5
8148,Mon Dec 03 13:44:34 2018,1,12,0,0,0,8,6078,29448,2214.0
8148,Mon Dec 03 13:45:07 2018,1,12,0,0,0,6,4215,29185,2146.5
8148,Mon Dec 03 13:45:41 2018,1,12,0,0,0,7,2045,31426,2141.0
8148,Mon Dec 03 13:46:32 2018,2,12,2,0,2,10,4691,35356,2477.0
8148,Mon Dec 03 13:47:07 2018,2,12,1,0,1,7,2916,32004,2260.5
8148,Mon Dec 03 13:47:34 2018,2,12,0,0,0,6,3227,23085,2035.5
8148,Mon Dec 03 13:48:06 2018,3,12,0,0,0,6,3792,25737,1932.0
8148,Mon Dec 03 13:48:31 2018,3,12,0,0,0,5,1659,23818,1913.0
8148,Mon Dec 03 13:49:02 2018,3,12,0,0,0,7,2387,28489,2177.5
